"HH","POP","hh_size1","hh_size2","hh_size3","hh_size4_plus","gq_total","hh_wrks_0","hh_wrks_1","hh_wrks_2","hh_wrks_3_plus","hh_kids_no","hh_kids_yes"
32,60,14,13,4,1,2,11,14,6,1,30,2
162,301,72,65,19,6,9,53,78,28,3,154,8
255,474,111,103,31,10,14,83,122,45,5,242,13
58,84,46,9,1,2,5,17,31,9,1,55,3
553,797,442,85,5,21,49,160,297,86,10,528,25
2133,3908,1237,839,27,30,630,458,1076,573,26,2090,43
3246,4718,2252,805,127,62,0,1471,1375,328,72,3035,211
4399,7286,3007,858,302,232,400,2761,1110,422,106,3965,434
4990,8261,3364,1171,197,258,473,2028,2096,795,71,4600,390
2154,3862,1242,483,319,110,54,1010,690,353,101,1912,242
2257,3931,1543,348,65,301,83,862,841,430,124,1963,294
789,1060,575,183,31,0,0,162,406,204,17,693,96
9,12,7,2,0,0,0,2,5,2,0,8,1
173,233,126,40,7,0,0,35,89,45,4,152,21
239,321,174,56,9,0,0,49,123,62,5,210,29
2217,3934,942,947,269,59,0,433,1193,545,46,1961,256
3925,7497,1945,1367,363,250,496,820,1987,1032,86,3440,485
948,2175,424,390,75,59,492,85,621,226,16,903,45
366,1104,165,186,15,0,513,92,10,247,17,316,50
1847,3834,792,783,134,138,290,479,772,542,54,1651,196
2681,4231,1595,912,110,64,113,1449,784,432,16,2571,110
1163,1750,739,330,94,0,0,336,638,189,0,1051,112
451,934,183,132,86,50,0,182,167,102,0,391,60
384,727,166,159,35,24,0,112,156,101,15,291,93
1720,3959,678,485,312,245,0,811,521,338,50,1409,311
708,1562,299,243,73,93,13,280,268,104,56,601,107
1534,3061,711,513,159,151,29,677,541,230,86,1346,188
1916,3335,956,679,218,63,5,651,751,428,86,1765,151
3323,5409,2179,845,175,124,287,710,1933,585,95,3165,158
4500,7999,2827,1037,410,226,409,1411,2288,612,189,4175,325
2594,3962,1628,815,111,40,87,780,1384,423,7,2493,101
3073,5081,1773,920,228,152,11,853,1215,918,87,2886,187
2624,4742,1163,1168,167,126,0,516,1060,936,112,2477,147
2667,4363,1459,921,250,37,0,701,1047,788,131,2548,119
2425,4514,1229,756,277,163,0,645,1104,535,141,2173,252
2623,5791,1083,824,400,316,0,1049,813,583,178,2202,421
1704,3338,825,548,142,189,0,637,607,344,116,1533,171
2482,4975,1028,854,340,260,17,392,1281,730,79,2071,411
2035,4342,670,929,236,200,0,421,841,721,52,1795,240
2536,4282,1310,998,91,137,5,644,1234,586,72,2350,186
2058,3999,936,836,148,138,0,653,805,563,37,1851,207
602,3090,72,181,183,166,1160,133,213,159,97,398,204
3190,5308,1831,943,199,217,0,421,1863,906,0,2819,371
3580,6387,1684,1416,358,122,96,548,1669,1205,158,3273,307
2612,4872,1243,925,263,181,0,419,1259,804,130,2293,319
4196,6985,2205,1595,334,62,132,722,2098,1226,150,3983,213
1604,2704,964,439,110,91,42,394,874,299,37,1461,143
2032,4000,870,735,281,146,44,292,928,805,7,1691,341
2229,3877,1214,633,252,130,34,591,1180,448,10,1898,331
2371,4783,1092,689,304,286,5,537,988,784,62,1906,465
2187,3860,1094,760,173,160,0,501,1102,573,11,1915,272
1306,3828,275,336,200,495,0,93,569,429,215,753,553
93,127,68,21,2,2,0,3,74,15,1,90,3
2679,6860,945,852,352,530,110,640,995,829,215,2065,614
1512,3701,469,592,207,244,0,322,689,395,106,1227,285
72,320,35,32,5,0,205,13,40,19,0,67,5
897,2456,176,326,128,267,0,237,409,237,14,547,350
2338,4897,953,672,552,161,29,591,903,731,113,1924,414
3067,7960,884,1054,529,600,58,678,1062,1054,273,2459,608
1564,4218,391,484,309,380,5,337,499,500,228,1234,330
1904,4316,711,612,332,249,0,480,685,517,222,1675,229
3174,7271,1218,970,493,493,5,538,1465,961,210,2532,642
2211,5647,570,852,345,444,5,419,899,645,248,1707,504
3020,7322,765,1287,481,487,17,561,1330,1019,110,2442,578
2433,5563,980,742,291,420,29,506,1021,764,142,1982,451
1946,4525,678,672,216,380,61,408,860,468,210,1609,337
2109,5093,657,750,296,406,13,571,546,709,283,1790,319
1462,3274,538,523,203,198,13,432,618,296,116,1232,230
2776,9124,942,1150,328,356,3110,399,1236,900,241,2397,379
2911,6102,1077,1161,315,358,15,607,1222,938,144,2356,555
1892,4561,667,588,304,333,276,486,864,511,31,1370,522
950,2234,356,350,127,117,180,109,372,398,71,780,170
2431,4267,1206,916,247,62,91,763,1065,534,69,2224,207
2280,3651,1358,691,177,54,75,1092,686,463,39,2126,154
1488,2178,977,466,12,33,44,498,651,303,36,1479,9
1737,2769,1003,581,123,30,0,624,772,298,43,1668,69
2116,4332,975,697,186,258,93,686,875,441,114,1819,297
2602,5498,1091,1011,283,217,13,1297,699,442,164,2229,373
1784,2937,1057,563,77,87,28,295,1007,421,61,1660,124
2037,4469,820,673,297,247,145,368,825,560,284,1832,205
3396,6525,1635,1201,311,249,135,704,1540,885,267,3155,241
1550,2940,721,553,197,79,32,312,759,415,64,1360,190
2165,3959,1023,774,231,137,0,463,860,771,71,1947,218
2422,4863,954,1007,277,184,112,235,973,1066,148,2203,219
1874,4320,646,753,213,262,206,141,777,702,254,1681,193
3222,7287,1284,1155,274,509,165,861,1103,1047,211,2689,533
2383,5890,740,885,529,229,380,598,753,794,238,1838,545
2525,5676,767,1033,460,265,70,222,952,986,365,2292,233
3416,7511,1224,1237,475,480,124,414,1529,1246,227,2782,634
2113,4933,762,685,421,245,203,347,824,749,193,1825,288
2242,5073,790,989,159,304,464,498,921,779,44,1872,370
1040,2950,300,415,181,144,546,426,201,333,80,804,236
4096,7579,1849,1562,419,266,0,752,1915,1243,186,3762,334
1401,2890,437,681,196,87,36,191,571,578,61,1181,220
1421,3098,500,528,182,211,20,178,730,462,51,1077,344
1227,2714,375,506,193,153,0,175,524,498,30,948,279
1666,3736,539,602,324,201,0,235,700,599,132,1334,332
1919,4180,567,870,207,275,0,338,737,800,44,1527,392
2165,4618,791,902,292,180,173,419,773,770,203,1956,209
1894,4927,524,685,386,299,85,267,729,680,218,1521,373
2846,6292,1211,873,386,376,170,517,1203,771,355,2427,419
2656,5169,1064,1124,294,174,58,320,1110,1038,188,2412,244
2729,5052,1302,992,265,170,5,738,1094,799,98,2503,226
1720,3128,703,803,132,82,18,292,808,523,97,1545,175
3189,6013,1640,1054,297,198,67,958,1346,691,194,2903,286
3115,5959,1612,924,410,169,217,849,1405,755,106,2774,341
758,1791,323,233,109,93,29,127,345,235,51,658,100
448,854,189,193,46,20,22,97,192,137,22,388,60
3613,7363,1246,1744,432,191,197,682,1351,1427,153,3189,424
1125,2312,397,520,144,64,70,209,414,455,47,995,130
949,2082,243,467,173,66,0,42,332,517,58,787,162
1003,2239,282,458,131,132,44,105,359,456,83,812,191
2466,5990,630,859,664,313,0,492,1072,763,139,1478,988
1653,3456,603,594,307,149,0,233,724,658,38,1314,339
672,2402,148,284,102,138,538,116,196,219,141,574,98
1947,5278,530,625,333,459,103,208,673,821,245,1458,489
1570,4637,386,470,311,403,53,288,464,573,245,1117,453
1540,5691,316,407,273,544,29,156,585,471,328,1045,495
832,2712,136,235,247,214,70,80,258,277,217,646,186
1161,3159,298,390,227,246,0,200,424,399,138,850,311
1396,3609,344,497,267,288,45,230,583,475,108,1063,333
2126,5866,579,654,391,502,17,382,784,696,264,1601,525
1725,4328,445,731,205,344,111,208,706,632,179,1358,367
1307,4044,302,342,249,414,14,104,613,437,153,803,504
1117,2965,277,488,125,227,5,111,469,437,100,879,238
1447,5315,257,280,465,445,19,185,631,364,267,809,638
1867,4112,548,802,297,220,35,371,793,660,43,1428,439
2580,4920,1327,699,251,303,81,416,1224,830,110,2159,421
2171,4551,730,851,407,183,0,491,891,586,203,1800,371
1839,4094,630,626,298,285,0,437,781,478,143,1410,429
2613,6573,456,1241,396,520,0,575,904,984,150,1969,644
1304,3609,198,552,254,300,6,291,467,405,141,948,356
2495,6908,487,1039,470,499,8,414,808,1029,244,1921,574
2765,9519,384,949,498,934,95,429,696,1246,394,1761,1004
1566,5901,205,372,303,686,8,253,615,437,261,925,641
984,3359,154,297,207,326,294,165,259,313,247,680,304
1598,5504,306,412,324,556,11,300,533,453,312,1124,474
2692,9855,469,527,577,1119,93,526,782,787,597,1761,931
1333,5204,184,288,345,516,41,258,287,481,307,830,503
1190,4330,185,260,287,458,5,233,369,392,196,805,385
743,2806,154,117,99,373,67,221,235,186,101,463,280
142,260,72,52,5,13,0,34,55,49,4,117,25
439,1437,170,87,40,142,45,137,125,115,62,266,173
1569,4659,416,479,278,396,0,397,760,324,88,942,627
1045,2904,339,236,210,260,0,414,564,67,0,518,527
188,476,41,84,40,23,0,59,56,62,11,149,39
1253,4414,319,299,156,479,53,333,407,284,229,758,495
861,3176,87,277,199,298,0,242,218,240,161,492,369
1594,4730,273,649,301,371,11,207,654,575,158,1111,483
949,3203,125,276,224,324,0,180,261,327,181,555,394
619,2061,114,218,78,209,21,87,201,231,100,415,204
1504,4498,430,416,297,361,77,335,450,478,241,1124,380
1177,4670,213,241,151,572,21,174,292,373,338,685,492
1051,3868,148,232,222,449,59,220,335,304,192,676,375
1061,3710,152,285,163,461,21,232,399,273,157,722,339
700,2823,130,168,116,286,2,137,234,153,176,385,315
951,3430,95,304,177,375,0,390,225,234,102,433,518
302,917,88,107,36,71,65,186,62,21,33,222,80
1533,4717,213,537,436,347,0,324,468,475,266,1129,404
1395,5261,207,301,284,603,11,353,227,453,362,790,605
1276,4924,160,384,229,503,5,110,522,361,283,896,380
1406,4830,236,394,274,502,23,337,416,355,298,1041,365
1212,4828,129,294,246,543,87,190,354,393,275,719,493
2007,7687,213,558,283,953,96,214,673,757,363,1360,647
1964,7059,375,456,345,788,11,380,652,522,410,1473,491
2836,10520,416,792,556,1072,129,451,839,794,752,2090,746
1866,7013,376,486,325,679,120,371,620,541,334,1296,570
3256,10466,727,835,511,1183,31,714,1075,877,590,2292,964
2343,6891,301,971,325,746,31,466,643,1162,72,1608,735
2256,6124,455,859,411,531,130,533,811,714,198,1649,607
917,2524,186,295,177,259,9,210,364,311,32,606,311
1967,5568,344,751,341,531,0,397,633,765,172,1364,603
1462,4139,377,332,336,417,0,352,523,398,189,1031,431
2346,5983,623,861,402,460,78,512,796,783,255,1812,534
2138,4599,735,830,354,219,37,434,908,688,108,1822,316
1906,4325,533,810,331,232,6,250,839,638,179,1602,304
3560,9607,897,1211,731,721,37,882,1148,1048,482,2847,713
2461,7113,419,861,533,648,10,476,818,800,367,1913,548
2849,8868,614,864,495,876,9,677,938,766,468,1986,863
1827,4632,506,676,357,288,41,282,760,591,194,1415,412
1965,5853,498,577,327,563,6,328,820,607,210,1421,544
2514,6473,706,917,333,558,7,554,1071,575,314,2140,374
2594,7514,572,748,596,678,29,683,795,683,433,1910,684
3204,10220,513,1082,548,1061,44,798,875,1059,472,2454,750
3006,8594,641,931,671,763,143,645,1098,866,397,2186,820
2714,8177,645,832,420,817,94,676,754,888,396,1905,809
1463,4042,336,372,406,349,30,472,382,507,102,1048,415
640,4165,210,182,157,91,2541,226,233,152,29,590,50
3177,8474,1000,929,506,742,0,1107,1213,476,381,2703,474
998,1662,626,195,123,54,10,440,445,80,33,876,122
1387,3993,272,468,295,352,0,329,415,463,180,1014,373
2720,7375,794,786,526,614,8,545,916,978,281,2068,652
2140,6819,502,424,560,654,178,372,697,592,479,1536,604
2177,7601,601,395,345,836,92,619,404,627,527,1495,682
1922,6287,366,546,379,631,11,374,646,548,354,1355,567
1960,6409,288,622,278,772,44,358,768,454,380,1382,578
1391,5469,152,352,264,623,32,256,337,412,386,900,491
1744,5500,368,564,322,490,334,203,666,635,240,1248,496
1058,2705,280,373,204,201,0,91,395,485,87,844,214
886,2788,209,239,159,279,0,215,262,242,167,625,261
2552,8765,386,554,567,1045,31,391,996,765,400,1351,1201
2040,7549,262,533,334,911,24,156,577,845,462,1393,647
1535,5704,213,425,221,676,0,252,457,451,375,976,559
2145,7283,304,642,397,802,80,257,940,601,347,1338,807
2354,8640,401,530,403,1020,22,450,613,763,528,1566,788
1200,3802,165,403,280,352,0,285,350,398,167,819,381
1155,4201,209,175,315,456,2,185,410,313,247,703,452
2096,5244,699,583,412,402,24,405,1003,553,135,1495,601
2386,7875,436,716,438,796,28,472,741,738,435,1631,755
1008,3556,142,227,229,410,0,107,358,265,278,614,394
2420,7922,577,688,573,582,47,507,763,678,472,1475,945
1118,3990,183,337,175,423,126,183,385,374,176,720,398
2676,7262,607,870,571,628,61,688,715,800,473,1899,777
2094,7185,228,578,476,812,89,470,613,686,325,1255,839
2163,6596,402,652,402,707,14,445,664,757,297,1576,587
1389,3414,398,610,146,235,9,231,578,439,141,1067,322
1315,4527,222,324,370,399,166,236,426,391,262,822,493
1343,4127,301,398,288,356,19,272,291,568,212,977,366
1988,7309,256,405,421,906,22,339,524,593,532,1395,593
1944,6062,401,575,379,589,27,252,749,607,336,1291,653
1523,4745,308,385,356,474,0,280,461,494,288,1022,501
1574,3864,511,492,303,268,72,291,783,379,121,1143,431
1828,4353,647,528,327,326,36,291,932,543,62,1336,492
1262,3608,263,392,263,344,9,222,351,545,144,856,406
1362,3663,284,495,324,259,48,207,482,555,118,940,422
2359,6764,425,813,476,645,14,550,728,792,289,1588,771
2070,5868,552,573,412,533,0,579,627,641,223,1418,652
11,38,1,4,3,3,1,2,3,4,2,6,5
1654,5518,224,475,275,680,55,264,418,679,293,1000,654
2997,8966,626,873,551,947,5,545,895,1295,262,1991,1006
1515,5715,205,345,332,633,187,270,511,415,319,947,568
1729,5772,272,519,333,605,310,400,426,644,259,1163,566
3051,7339,856,1213,393,589,11,641,1170,1024,216,2317,734
1579,2923,722,601,175,81,0,279,828,424,48,1380,199
1110,3229,196,423,180,311,5,287,362,315,146,776,334
2105,5654,680,506,426,493,32,400,720,729,256,1511,594
2507,8243,482,549,545,931,87,207,870,1015,415,1608,899
1110,4081,199,171,256,484,0,104,537,259,210,539,571
0,0,0,0,0,0,0,0,0,0,0,0,0
1736,4985,416,498,380,442,242,276,661,610,189,1117,619
1297,3742,274,400,229,394,40,416,287,436,158,886,411
954,2897,180,262,173,339,0,269,289,255,141,616,338
954,2686,170,303,265,216,21,262,303,253,136,670,284
1884,4970,466,544,447,427,18,567,627,593,97,1334,550
1243,3279,288,434,251,270,36,401,437,361,44,844,399
2862,8425,462,1032,687,681,374,604,1050,1028,180,1700,1162
1262,3745,213,387,213,449,19,330,437,412,83,649,613
1420,3166,598,340,188,294,0,305,647,410,58,991,429
2383,5669,872,664,386,461,3,405,1040,778,160,1680,703
1840,4702,575,555,252,458,91,415,726,638,61,1214,626
2754,5303,1323,835,316,280,21,352,1793,501,108,2206,548
1933,5976,167,779,359,628,1,632,685,528,88,1189,744
954,2573,159,344,209,242,0,277,348,293,36,598,356
1794,5390,191,708,276,619,1,361,778,528,127,1059,735
1197,3199,251,362,289,295,5,331,396,417,53,708,489
2528,5209,1175,565,522,266,54,835,952,700,41,1909,619
1740,4271,730,486,208,316,118,584,563,454,139,1323,417
2466,5691,951,769,476,270,274,447,1106,827,86,1914,552
2248,6158,692,693,391,472,32,550,747,760,191,1592,656
2460,8547,599,574,360,927,65,279,1034,587,560,1499,961
1310,4671,228,389,208,485,16,120,538,442,210,861,449
1169,4092,233,327,238,371,169,191,455,252,271,754,415
905,3039,129,222,245,309,149,128,270,420,87,546,359
1025,3590,146,259,239,381,155,191,289,315,230,628,397
1643,3094,783,575,136,149,0,402,768,416,57,1398,245
2938,6452,882,1227,445,384,5,595,1333,956,54,2104,834
1399,4010,344,380,254,421,115,295,506,462,136,953,446
1387,3689,328,444,253,362,12,325,556,386,120,934,453
1729,4510,354,677,327,371,26,247,799,590,93,1158,571
1395,3232,393,522,258,222,0,285,615,442,53,965,430
1371,3584,305,462,307,297,0,315,499,520,37,893,478
1021,2981,187,318,216,300,5,207,401,365,48,619,402
1498,4046,268,596,214,420,9,294,598,548,58,997,501
2175,6272,507,627,599,442,10,233,720,829,393,1579,596
1757,4626,425,622,296,414,26,240,748,662,107,1189,568
1206,2727,385,513,98,210,0,237,483,382,104,981,225
1584,4700,319,523,330,412,96,186,683,531,184,1024,560
1678,4391,423,557,302,396,15,255,763,563,97,1078,600
1246,3450,307,419,229,291,67,154,531,474,87,775,471
1356,3424,426,335,311,284,16,219,551,527,59,894,462
1814,4694,582,564,330,338,207,408,742,483,181,1283,531
951,2374,252,325,161,213,0,223,378,297,53,662,289
1323,3561,300,441,211,371,57,326,426,492,79,904,419
1718,4168,586,536,336,260,102,395,591,580,152,1308,410
1065,3129,133,449,184,299,0,298,324,341,102,618,447
2472,7017,596,732,458,686,394,487,962,891,132,1564,908
952,2445,266,344,132,210,53,223,405,297,27,604,348
2954,6886,999,989,492,474,74,625,1255,956,118,2189,765
2090,5993,379,670,449,592,0,519,572,828,171,1412,678
1393,3465,336,570,201,286,0,307,542,479,65,1035,358
1247,3373,234,446,241,326,11,281,387,498,81,804,443
917,2551,210,337,150,220,157,209,309,287,112,683,234
2294,6590,452,912,346,584,124,537,786,766,205,1615,679
2338,6521,536,903,349,550,21,418,981,786,153,1746,592
1627,4819,291,645,301,390,27,382,516,517,212,1133,494
3711,8945,1023,1604,522,562,43,896,1286,1188,341,2807,904
1380,3728,450,526,81,323,207,408,478,381,113,1082,298
2627,6783,479,1230,380,538,59,910,691,979,47,1907,720
1166,3171,245,455,156,310,0,257,499,312,98,822,344
937,2697,80,472,114,271,0,306,306,280,45,634,303
2285,6253,650,603,341,691,92,529,787,699,270,1533,752
1662,4621,232,785,238,407,34,414,493,631,124,1163,499
1690,4696,367,566,260,497,36,297,592,609,192,1153,537
2002,5218,408,868,358,368,157,403,797,738,64,1375,627
739,1905,184,240,142,173,1,208,217,263,51,494,245
1265,3203,310,477,202,276,18,261,544,386,74,859,406
1727,4937,246,615,344,522,0,311,671,564,181,1052,675
1576,4618,339,376,337,524,42,296,620,561,99,862,714
3486,8050,1235,1165,520,566,72,766,1469,1164,87,2542,944
646,1823,199,174,103,170,8,58,291,221,76,415,231
1969,4767,624,649,332,364,27,356,886,636,91,1390,579
3360,8343,925,927,898,610,0,429,1575,1259,97,2006,1354
927,2768,303,234,150,240,261,223,345,293,66,626,301
1549,5707,345,359,186,659,29,300,482,479,288,944,605
1192,3528,488,352,123,229,708,292,507,308,85,910,282
849,2233,262,236,137,214,2,105,417,256,71,562,287
2319,5554,801,758,318,442,105,336,1005,818,160,1780,539
1009,2847,209,314,154,332,0,240,300,421,48,599,410
1169,3354,202,428,202,337,11,199,328,483,159,769,400
2207,6107,624,550,472,561,51,324,896,687,300,1502,705
1020,2790,193,394,180,253,40,280,285,417,38,674,346
2011,5438,488,718,298,507,30,396,727,735,153,1367,644
2060,5009,579,773,395,313,63,480,727,751,102,1423,637
1602,4855,434,372,285,511,11,222,645,510,225,955,647
2410,6657,753,783,274,600,71,263,921,978,248,1722,688
1034,3757,186,192,196,460,21,66,448,331,189,568,466
1631,5921,358,299,216,758,5,142,761,466,262,866,765
1203,3721,234,402,201,366,0,173,523,464,43,750,453
1359,5129,262,304,178,615,81,148,585,366,260,771,588
1677,6173,259,339,296,783,30,237,554,670,216,918,759
1371,5349,307,243,207,614,0,261,399,450,261,761,610
832,3965,84,169,79,500,49,109,235,258,230,360,472
2637,10280,488,610,291,1248,80,501,860,646,630,1460,1177
1542,7408,123,192,400,827,27,278,341,370,553,595,947
2744,8817,528,911,346,959,27,271,1271,879,323,1608,1136
1637,4923,321,435,348,533,34,198,878,450,111,1008,629
432,1853,84,202,37,109,663,87,98,198,49,154,278
793,2316,155,249,132,257,93,150,297,324,22,442,351
903,2662,120,334,156,293,0,259,394,200,50,539,364
1878,4179,662,580,356,280,26,285,1052,518,23,1275,603
2018,4738,585,799,421,213,136,303,869,734,112,1439,579
1411,4412,237,599,250,325,509,429,585,345,52,991,420
733,2114,132,263,92,246,10,188,289,222,34,462,271
985,3296,63,327,125,470,22,188,370,365,62,540,445
1727,4632,424,605,178,520,11,445,638,540,104,1072,655
1411,3465,433,441,275,262,9,469,581,318,43,1017,394
2984,7583,730,1102,569,583,202,1184,842,818,140,2113,871
0,0,0,0,0,0,0,0,0,0,0,0,0
295,918,61,109,28,97,93,78,112,97,8,179,116
931,3602,121,366,123,321,868,240,183,451,57,523,408
2112,4509,756,752,302,302,0,368,964,693,87,1486,626
187,1282,81,92,6,8,939,122,-14,77,2,155,32
1503,3322,598,668,111,126,409,325,966,206,6,1418,85
533,3650,229,264,19,21,2672,346,-38,219,6,443,90
1807,6335,950,466,260,131,3044,726,725,356,0,1431,376
3938,8047,1803,1251,425,459,240,1306,1669,815,148,3211,727
1670,5058,309,456,337,568,7,252,655,662,101,974,696
1846,5571,251,567,322,706,14,533,592,535,186,985,861
1334,3571,303,464,209,358,0,320,613,335,66,796,538
2040,5563,350,755,399,536,0,488,772,635,145,1305,735
2449,6813,374,854,542,679,5,318,1227,826,78,1304,1145
2210,5797,429,842,313,626,11,733,667,696,114,1334,876
997,2402,330,306,150,211,0,316,428,222,31,666,331
683,1864,143,243,115,182,14,210,233,211,29,416,267
1757,3738,644,610,326,177,0,245,891,558,63,1289,468
2046,5133,583,482,591,390,3,321,953,687,85,1265,781
2350,6564,495,784,381,690,0,673,727,644,306,1525,825
1565,4349,225,678,190,472,11,418,619,441,87,1053,512
1884,4979,474,586,302,522,76,664,712,441,67,1203,681
1716,4278,462,580,226,448,0,519,706,444,47,1078,638
1172,3306,185,397,181,409,4,251,400,476,45,693,479
2683,7091,835,778,491,579,21,383,1239,836,225,1758,925
1222,3192,285,419,223,295,13,253,481,434,54,758,464
1352,3361,377,453,243,279,0,138,531,565,118,949,403
1748,3456,813,565,205,165,26,508,875,323,42,1429,319
1885,4635,565,671,322,327,23,340,854,533,158,1453,432
2337,4780,1081,664,241,351,0,513,1123,477,224,2021,316
1483,3403,495,502,275,211,15,180,694,496,113,1151,332
2240,5371,698,752,436,354,19,178,1100,763,199,1644,596
2052,5009,742,608,352,350,0,296,1082,546,128,1453,599
2170,5673,602,617,357,594,7,406,872,716,176,1363,807
1113,2970,278,335,183,317,34,247,338,458,70,676,437
689,1879,127,236,128,198,24,150,324,208,7,387,302
1442,4352,208,448,255,531,5,345,531,465,101,838,604
945,2812,125,348,172,300,0,258,367,272,48,583,362
1037,2857,155,431,138,313,0,297,411,283,46,697,340
1321,3919,119,509,249,444,12,286,533,460,42,735,586
2063,6198,198,770,405,690,158,397,657,952,57,1124,939
1857,4884,528,509,336,484,115,563,582,605,107,1241,616
1408,3065,515,523,136,234,0,242,648,497,21,1027,381
3057,7207,838,1188,647,384,9,490,1457,966,144,2077,980
1946,4868,480,698,457,311,0,189,998,625,134,1330,616
1693,4289,484,507,391,311,23,349,671,541,132,1109,584
1355,3821,208,477,297,373,0,220,600,471,64,832,523
2270,4843,662,915,498,195,0,238,1427,555,50,1677,593
4,8,1,2,1,0,0,0,3,1,0,3,1
655,1513,226,179,143,107,0,55,270,281,49,458,197
1288,3090,374,473,195,246,0,92,642,471,83,957,331
1,2,0,0,1,0,0,1,0,0,0,1,0
1966,4436,711,609,325,321,0,221,1002,584,159,1488,478
353,869,109,125,47,72,0,94,135,85,39,265,88
200,753,4,67,17,112,0,0,111,55,34,67,133
7,21,1,2,1,3,0,2,3,2,0,5,2
617,1901,103,185,117,212,6,193,188,211,25,434,183
11,35,2,3,2,4,0,4,3,4,0,8,3
42,84,12,21,7,2,0,5,28,8,1,34,8
83,170,27,33,17,6,0,13,46,22,2,63,20
7,14,2,4,1,0,0,1,4,2,0,5,2
0,0,0,0,0,0,0,0,0,0,0,0,0
3119,6363,1000,1302,614,203,0,447,1830,772,70,2427,692
0,0,0,0,0,0,0,0,0,0,0,0,0
5774,14654,1583,2175,838,1178,0,901,2760,1886,227,4148,1626
4123,10593,794,1540,805,984,15,523,2096,1307,197,2455,1668
952,4311,137,197,151,467,514,110,265,380,197,494,458
590,1967,139,77,117,257,15,107,141,254,88,286,304
2894,7974,885,516,724,769,0,358,1365,872,299,1841,1053
0,0,0,0,0,0,0,0,0,0,0,0,0
813,1990,240,291,133,149,0,94,489,162,68,648,165
965,3312,153,215,228,369,20,228,173,396,168,560,405
760,2879,92,190,74,404,31,99,191,277,193,489,271
2694,6755,696,1080,506,412,0,578,1080,793,243,2273,421
2491,6203,747,815,507,422,0,441,975,947,128,1711,780
1700,5175,396,430,270,604,0,186,724,590,200,1007,693
2540,8637,514,582,456,988,47,352,935,855,398,1385,1155
1460,3783,327,556,318,259,14,159,678,499,124,1062,398
1951,4960,508,737,414,292,115,132,1096,592,131,1451,500
150,371,42,57,33,18,18,11,80,48,11,109,41
502,1182,127,158,159,58,0,48,193,214,47,321,181
0,0,0,0,0,0,0,0,0,0,0,0,0
3,14,0,1,0,2,0,1,1,1,0,2,1
5,13,1,2,1,1,0,1,1,1,2,4,1
136,561,11,48,15,62,32,34,44,40,18,88,48
2251,5796,836,571,422,422,22,496,966,531,258,1571,680
37,130,0,22,0,15,0,15,6,14,2,28,9
1633,3304,716,591,116,210,10,424,767,381,61,1380,253
1582,4244,428,502,265,387,19,249,682,535,116,1079,503
2161,6188,572,622,258,709,0,429,880,575,277,1452,709
1397,3842,378,406,243,370,6,350,410,418,219,958,439
1137,3177,286,397,152,302,5,236,425,451,25,779,358
2567,6723,688,666,677,536,7,319,1282,644,322,1711,856
2581,6482,684,857,552,488,0,452,1240,761,128,1768,813
1085,3448,167,413,144,361,38,246,363,376,100,716,369
1412,4433,183,464,309,456,8,181,481,590,160,945,467
2082,5809,424,832,214,612,21,495,889,565,133,1389,693
3365,8646,906,1039,668,752,0,583,1641,955,186,2175,1190
3256,7812,992,1088,497,679,0,512,1573,1013,158,2219,1037
1914,4703,513,623,382,396,10,347,939,576,52,1291,623
3396,8853,857,1183,601,755,13,597,1616,1013,170,2284,1112
2630,6950,695,594,583,758,82,421,1325,840,44,1398,1232
2016,4737,637,681,415,283,5,343,1013,567,93,1391,625
2328,6384,489,651,609,579,9,410,994,846,78,1376,952
1078,3237,144,394,178,362,123,216,404,373,85,636,442
2350,6814,587,465,442,856,122,459,864,925,102,1271,1079
1567,4630,327,482,241,517,162,368,509,597,93,971,596
924,2570,155,328,175,266,6,219,400,257,48,572,352
3061,8394,558,1039,650,814,0,388,1428,1065,180,1722,1339
1797,5263,198,619,388,592,18,384,676,693,44,844,953
1480,4140,219,438,390,433,9,287,537,627,29,813,667
2773,7608,647,736,583,807,45,496,1177,861,239,1632,1141
1193,3135,243,290,384,276,0,115,610,426,42,623,570
1730,4653,439,497,387,407,38,350,693,490,197,1244,486
1645,4962,282,424,350,589,50,333,619,605,88,883,762
1493,3677,319,584,322,268,0,341,572,482,98,1025,468
1810,4578,405,746,270,389,31,361,683,641,125,1296,514
3116,7274,938,1288,361,529,140,774,1314,952,76,2290,826
1550,3854,444,499,341,266,12,265,649,534,102,1084,466
2103,5221,655,849,274,325,29,331,1046,636,90,1601,502
2253,6136,571,879,299,504,182,530,682,898,143,1702,551
2487,7787,570,536,444,937,121,591,854,659,383,1422,1065
2504,7051,485,853,549,617,0,305,1092,933,174,1665,839
2290,5572,520,1031,365,374,86,374,875,913,128,1774,516
2088,5847,529,619,373,567,0,135,1212,557,184,1204,884
2569,6812,810,704,465,590,13,589,974,759,247,1672,897
1508,4126,421,452,216,419,14,211,661,550,86,977,531
1693,4840,324,573,280,516,0,278,648,608,159,1114,579
2515,7224,540,733,463,779,252,462,937,939,177,1617,898
2086,5806,421,644,349,672,12,442,845,675,124,1206,880
2379,6677,349,722,681,627,0,295,1207,803,74,1266,1113
2980,9336,426,703,792,1059,33,407,1450,968,155,1495,1485
1098,3240,63,425,247,363,0,253,297,478,70,604,494
1626,4975,175,482,375,594,0,342,565,605,114,829,797
1411,4550,134,414,229,634,20,298,565,467,81,735,676
2152,6223,484,374,502,792,0,344,923,782,103,1071,1081
2858,7966,811,569,461,1017,54,680,1099,957,122,1589,1269
2327,6928,460,469,328,1070,17,434,1080,767,46,1036,1291
1721,5304,208,326,517,670,0,233,888,501,99,683,1038
2307,6262,435,686,485,701,12,418,1069,769,51,1184,1123
2675,7974,475,741,535,924,277,639,997,937,102,1498,1177
2059,6411,190,679,444,746,0,534,608,755,162,1169,890
1388,3906,274,389,238,487,1,290,538,461,99,769,619
1052,3320,113,241,263,435,0,171,376,467,38,496,556
1773,5446,200,495,405,673,0,268,687,759,59,862,911
1867,5618,134,687,513,533,7,437,614,712,104,1022,845
2024,5786,225,817,439,543,0,466,801,648,109,1242,782
1958,5583,216,684,558,500,0,445,708,730,75,1186,772
1031,3100,176,320,244,291,74,232,400,349,50,659,372
2413,6827,492,758,366,797,100,861,757,624,171,1671,742
1454,4115,274,506,189,485,34,380,681,265,128,943,511
2561,7232,472,786,536,767,18,514,1020,883,144,1516,1045
1253,3664,200,364,366,323,5,185,430,491,147,749,504
1340,4158,192,404,288,456,50,263,448,517,112,815,525
1596,4473,325,551,313,407,15,205,694,557,140,992,604
2532,6153,656,978,430,468,10,577,707,1094,154,1814,718
1955,4398,697,686,289,283,6,283,887,685,100,1557,398
1939,6111,360,616,319,644,18,330,777,703,129,1272,667
1304,3633,213,423,344,324,31,225,496,473,110,791,513
1825,4542,436,719,305,365,0,521,703,529,72,1277,548
1166,2980,291,385,208,282,25,127,553,435,51,750,416
1282,2811,414,482,217,169,0,184,785,294,19,845,437
1056,2844,183,434,178,261,0,350,427,229,50,697,359
2977,6801,954,1032,558,433,87,661,1442,831,43,2197,780
1645,4711,270,572,328,475,25,224,613,707,101,1121,524
1007,2923,163,381,190,273,110,239,398,287,83,645,362
2632,7708,369,936,432,895,69,756,959,740,177,1547,1085
2363,7213,342,739,451,831,69,433,1111,597,222,1385,978
1278,3570,199,390,340,349,0,205,608,378,87,709,569
1935,5760,396,590,273,676,161,315,741,727,152,1154,781
2172,6021,398,688,551,535,92,388,951,723,110,1303,869
2984,7633,820,1033,542,589,225,566,1310,976,132,2098,886
1444,4371,254,421,249,520,23,252,477,577,138,833,611
1972,4918,621,578,358,415,21,389,847,633,103,1411,561
2231,6347,491,624,477,639,48,385,949,782,115,1295,936
2707,7444,488,914,634,671,59,560,956,1008,183,1535,1172
1924,5318,388,641,328,567,12,443,756,629,96,1283,641
1634,4216,421,484,365,364,127,403,594,545,92,1032,602
2461,6412,623,721,454,663,25,543,830,958,130,1552,909
2775,7037,662,1057,482,574,38,471,1226,850,228,1953,822
2629,6337,730,934,571,394,13,499,1123,848,159,1888,741
1207,2747,359,495,177,176,12,523,299,338,47,912,295
2966,6787,914,1105,571,376,36,437,1152,1176,201,2390,576
1446,3264,469,575,215,187,132,223,624,557,42,1100,346
3032,6941,1157,832,716,327,124,688,1365,710,269,2280,752
2693,7603,926,577,436,754,224,481,1196,829,187,1761,932
1929,5077,420,746,382,381,183,365,729,662,173,1401,528
2119,5575,679,571,409,460,10,365,928,597,229,1327,792
1653,5145,471,277,292,613,35,353,687,450,163,979,674
2647,5416,1229,801,326,291,27,368,1568,569,142,2185,462
1322,3237,313,647,164,198,0,63,485,684,90,1148,174
139,543,71,8,26,34,237,18,137,-41,25,90,49
2364,5165,957,822,327,258,101,476,1025,815,48,1811,553
2051,5616,365,802,473,411,287,396,572,986,97,1426,625
997,2417,387,294,135,181,71,152,535,236,74,759,238
1432,5597,379,538,286,229,2114,173,713,463,83,1129,303
2431,6926,560,699,340,832,67,411,982,777,261,1686,745
1265,4341,539,373,73,280,1314,421,422,304,118,1080,185
2148,6279,898,444,320,486,842,305,870,657,316,1734,414
2395,7824,596,563,326,910,97,320,969,869,237,1518,877
3323,9514,1011,1017,320,975,195,673,1254,999,397,2397,926
1997,4647,850,611,246,290,111,538,860,491,108,1537,460
1373,4486,249,452,234,438,72,218,362,592,201,985,388
1954,6811,392,402,421,739,76,347,785,526,296,1106,848
1322,4870,190,273,349,510,0,181,520,502,119,692,630
1181,4609,171,203,297,510,55,201,414,376,190,620,561
1138,4575,200,431,229,278,1087,186,332,439,181,904,234
2495,7091,925,661,334,575,219,452,1108,565,370,2042,453
610,6151,140,179,145,146,4411,81,215,219,95,514,96
2063,4064,985,687,223,168,69,418,1211,325,109,1793,270
1764,3683,709,687,223,145,24,426,722,469,147,1588,176
1727,5288,391,565,157,614,8,216,768,538,205,1154,573
1344,4976,189,329,179,647,29,170,573,442,159,626,718
1462,3885,554,486,168,254,41,237,748,333,144,1077,385
1369,5017,164,251,226,728,0,179,580,353,257,687,682
4299,11440,1595,1043,532,1129,308,1271,1746,962,320,2871,1428
2781,8094,392,950,763,676,29,476,1159,980,166,1394,1387
2276,5336,696,719,512,349,0,489,949,797,41,1594,682
2696,6331,792,1013,439,452,0,497,1224,678,297,1907,789
2330,8652,270,409,384,1267,39,602,933,527,268,934,1396
2279,9349,389,481,225,1184,26,415,725,507,632,1145,1134
1093,4893,46,107,254,686,9,124,424,267,278,393,700
1181,4916,157,228,135,661,11,181,434,354,212,585,596
897,4638,105,121,158,513,15,124,316,179,278,427,470
968,4413,55,224,139,550,11,169,246,364,189,473,495
1059,4302,54,233,234,538,60,115,317,390,237,592,467
1264,4497,196,291,212,565,6,303,425,225,311,697,567
957,4270,61,161,182,553,65,120,236,290,311,555,402
1153,4696,111,270,235,537,70,156,340,451,206,622,531
1127,5257,55,186,130,756,102,168,201,492,266,553,574
2438,8607,357,628,351,1102,0,423,949,777,289,1245,1193
765,2345,212,210,77,266,33,281,194,207,83,532,233
1151,5458,28,104,160,859,0,88,309,446,308,351,800
1255,6090,48,202,212,793,9,169,400,347,339,493,762
1908,7127,258,454,397,799,190,377,626,535,370,975,933
1510,6423,211,352,216,731,53,290,454,297,469,877,633
906,4276,78,102,164,562,23,162,285,196,263,412,494
948,4648,72,202,114,560,6,134,308,285,221,400,548
1218,6449,53,153,159,853,0,165,215,424,414,396,822
389,2542,15,36,58,280,13,48,64,57,220,191,198
1301,6248,76,181,248,796,11,162,506,276,357,536,765
1401,6369,216,233,238,714,0,365,377,317,342,729,672
953,4408,64,123,201,565,0,138,286,310,219,404,549
2081,8991,366,202,322,1191,12,536,541,453,551,947,1134
1352,5248,221,248,273,610,0,314,393,419,226,665,687
881,2946,135,263,205,278,100,201,337,225,118,500,381
1431,6222,138,230,296,767,92,100,480,499,352,643,788
2541,7218,670,874,236,761,270,729,1004,599,209,1778,763
762,2625,125,188,159,290,11,161,248,239,114,481,281
1698,5877,289,353,377,679,27,513,677,329,179,978,720
2061,7343,228,590,407,836,60,256,876,614,315,1289,772
1409,5401,68,404,296,641,32,174,341,669,225,722,687
1198,4886,143,242,287,526,42,181,324,354,339,692,506
2411,7220,347,708,650,706,0,301,1034,812,264,1343,1068
583,1981,106,82,148,247,0,77,255,186,65,325,258
101,360,17,28,27,29,21,15,39,35,12,52,49
821,2925,136,230,219,236,173,119,317,286,99,424,397
3936,11078,708,1374,833,1021,49,374,1877,1434,251,2611,1325
2020,7025,210,480,567,763,21,276,717,738,289,1112,908
2237,7752,609,597,492,539,1873,439,931,662,205,1357,880
662,1671,224,149,133,156,2,77,433,116,36,507,155
1577,5851,153,367,316,741,7,280,550,534,213,792,785
696,1718,221,201,126,148,0,284,174,221,17,503,193
1831,6255,236,450,399,746,11,470,649,447,265,1070,761
2279,6695,406,497,663,713,1,555,954,686,84,1316,963
1061,3923,156,211,229,465,10,256,293,313,199,620,441
1384,5004,170,379,169,666,8,262,457,473,192,825,559
1416,4667,138,418,296,564,11,282,549,404,181,918,498
1342,5217,141,237,338,626,12,210,321,539,272,679,663
1352,5377,127,193,376,656,26,256,413,466,217,734,618
820,3001,87,220,106,407,0,141,207,281,191,523,297
1593,5593,123,391,324,755,1,249,473,673,198,887,706
1116,3655,185,282,194,455,17,181,370,394,171,605,511
1192,4670,152,276,240,524,11,227,260,492,213,643,549
1561,5526,242,283,381,655,31,166,549,475,371,976,585
2032,6838,307,558,371,796,25,361,786,606,279,1208,824
844,2849,68,261,243,272,41,143,306,301,94,548,296
1589,5415,190,481,317,601,21,223,614,509,243,904,685
1301,4718,152,250,248,651,36,221,468,422,190,629,672
1716,5575,246,474,356,640,30,235,790,532,159,988,728
1521,4389,321,419,309,472,6,399,468,505,149,957,564
1810,5357,371,619,266,554,33,348,555,680,227,1195,615
2252,8327,411,510,372,959,290,389,695,755,413,1228,1024
1417,4767,100,465,324,528,20,175,578,475,189,912,505
1664,5509,454,262,216,732,37,369,677,349,269,1056,608
2469,9238,410,515,473,1071,88,496,833,767,373,1270,1199
1587,6410,175,292,252,868,5,313,441,434,399,757,830
1090,4942,120,193,176,601,489,171,316,325,278,513,577
1357,6122,116,254,206,781,9,129,407,471,350,602,755
1473,4899,156,576,165,576,39,250,402,562,259,952,521
1267,7096,83,191,174,819,59,173,359,243,492,552,715
1407,6079,207,150,260,790,28,267,471,314,355,598,809
865,3810,70,140,140,515,0,133,199,244,289,426,439
901,3870,79,135,172,515,0,82,241,327,251,441,460
1079,3769,216,265,92,506,6,218,277,268,316,678,401
1067,4504,108,188,162,609,70,152,234,370,311,587,480
1080,4897,39,193,172,676,49,145,247,338,350,638,442
1183,4651,81,236,332,534,60,125,414,429,215,654,529
908,3592,34,215,180,479,20,121,216,372,199,526,382
1292,4463,96,352,252,592,0,179,345,564,204,701,591
1840,7375,37,318,400,1085,1,135,521,862,322,679,1161
1135,4816,75,172,194,694,39,201,315,313,306,582,553
2040,8280,178,377,377,1108,35,216,703,746,375,1029,1011
1843,7447,178,242,454,969,166,160,566,701,416,929,914
1480,5197,320,325,215,620,30,458,377,411,234,904,576
3138,12368,186,375,630,1947,69,176,1225,1257,480,1133,2005
3939,8990,1358,1461,438,682,10,1935,1035,730,239,3228,711
3788,12926,315,941,874,1658,35,321,1292,1736,439,1814,1974
2011,6718,266,512,327,906,44,134,742,910,225,1023,988
2412,7976,328,582,558,944,15,321,860,850,381,1305,1107
1360,4389,207,386,214,553,0,256,508,398,198,803,557
1019,3212,143,298,153,425,0,152,425,344,98,498,521
1006,3193,191,234,194,387,17,191,326,351,138,556,450
2033,6786,205,594,471,763,54,348,708,732,245,1066,967
1369,4363,101,416,413,439,12,244,462,584,79,802,567
993,3018,113,357,196,327,0,216,298,368,111,610,383
2863,8730,417,907,604,935,49,303,1223,1093,244,1633,1230
2472,7347,473,776,445,778,68,436,923,813,300,1658,814
1888,5821,482,473,248,685,7,323,703,627,235,1133,755
2024,6159,379,587,466,592,12,241,729,762,292,1178,846
2047,6161,324,592,433,698,35,326,780,753,188,1105,942
2460,9710,350,457,426,1227,28,471,777,723,489,1252,1208
2213,9119,237,505,542,929,32,340,742,579,552,1206,1007
2601,7518,555,819,495,732,96,214,1275,897,215,1532,1069
1511,4722,256,491,307,457,86,363,465,431,252,980,531
1402,4234,239,384,345,434,4,263,526,442,171,751,651
1777,5705,266,545,278,688,52,387,603,557,230,1058,719
1666,5349,170,569,444,483,55,272,498,659,237,1011,655
2914,8644,551,840,688,835,87,455,1105,1059,295,1841,1073
1577,4735,354,521,201,501,10,280,614,496,187,1054,523
1002,2994,163,364,125,350,29,339,281,267,115,596,406
1635,4740,296,595,255,489,35,373,653,454,155,1067,568
2217,6683,145,1032,319,721,43,367,752,789,309,1471,746
1200,3568,267,382,216,335,166,270,424,378,128,775,425
1836,5571,259,527,410,640,0,447,442,690,257,1103,733
1314,3797,198,425,323,368,139,206,487,474,147,862,452
2422,6878,513,756,346,807,43,267,1101,922,132,1348,1074
1539,4338,329,444,286,480,27,246,635,572,86,885,654
2077,5406,471,724,311,571,9,452,705,753,167,1321,756
1373,3390,432,445,175,321,12,323,530,476,44,946,427
2971,8452,578,892,679,822,47,648,1115,1037,171,1618,1353
1436,4367,165,391,445,435,12,280,587,457,112,768,668
1894,5685,243,623,389,639,31,559,498,678,159,1138,756
1051,3235,94,361,190,406,0,288,293,415,55,573,478
1081,3234,122,336,261,362,0,239,339,399,104,544,537
1344,4061,174,362,332,476,0,264,409,570,101,663,681
1748,5367,177,497,487,587,15,311,715,594,128,984,764
2655,8026,341,693,602,1019,0,399,994,1026,236,1521,1134
2232,5802,495,777,561,399,54,428,1042,634,128,1579,653
528,1716,80,131,142,175,45,125,173,187,43,381,147
2463,8112,178,873,406,1006,81,298,858,935,372,1252,1211
1712,5135,274,553,298,587,0,254,790,493,175,992,720
3714,10912,738,1128,676,1172,65,801,1218,1332,363,2104,1610
2359,6485,514,919,237,689,14,680,1056,493,130,1640,719
3344,10372,756,816,700,1072,231,631,1269,1051,393,2026,1318
1481,4414,104,735,255,387,11,274,548,487,172,1079,402
1657,4530,291,778,183,405,0,479,580,488,110,1169,488
3485,10583,567,1247,595,1076,49,710,1112,1184,479,2171,1314
802,2673,116,293,113,280,23,178,310,214,100,512,290
2275,9308,335,376,425,1139,170,503,734,672,366,1095,1180
2630,8515,403,900,425,902,46,539,840,858,393,1587,1043
1906,7229,248,330,364,964,244,303,740,607,256,788,1118
2186,7880,273,676,240,997,40,276,776,697,437,1111,1075
2731,8568,346,913,433,1039,5,387,837,1211,296,1583,1148
1420,5078,111,575,190,544,213,272,429,516,203,881,539
1446,4988,216,475,193,562,28,270,471,466,239,902,544
287,801,90,129,9,59,139,75,138,69,5,220,67
2455,7413,447,762,427,819,92,315,985,917,238,1538,917
1773,4759,502,479,319,473,12,435,603,607,128,1169,604
2178,6047,433,713,472,560,55,456,616,949,157,1401,777
2878,8384,456,1025,504,893,11,507,891,981,499,1808,1070
2572,7039,595,751,479,747,21,372,952,1095,153,1593,979
1551,4391,294,482,375,400,22,148,599,544,260,1009,542
2397,6149,555,979,372,491,22,421,1107,655,214,1725,672
2614,8112,542,711,577,784,41,358,955,916,385,1527,1087
1979,5157,401,672,488,418,33,334,730,779,136,1310,669
2886,7104,827,1087,296,676,133,937,825,772,352,2095,791
1393,4111,137,633,153,470,17,365,540,388,100,945,448
3082,9215,477,945,670,990,0,608,1062,1037,375,1780,1302
1052,3028,125,438,153,336,24,232,294,444,82,637,415
2540,7638,322,738,780,700,7,431,823,869,417,1473,1067
5865,17456,1015,1574,1225,2051,0,618,2550,2376,321,2941,2924
3220,11851,652,839,693,1036,2889,255,1435,1416,114,1639,1581
2446,5903,597,869,599,381,0,241,1053,1050,102,1603,843
1804,5223,383,539,350,532,23,304,617,685,198,1084,720
2040,6042,404,646,285,705,76,535,640,670,195,1160,880
3102,8865,492,1118,519,973,11,518,1153,1126,305,1841,1261
1352,3668,261,464,293,334,0,309,537,394,112,917,435
3353,9784,530,1090,600,1133,15,619,1502,1156,76,1877,1476
1629,5051,199,457,354,619,44,301,521,610,197,859,770
2059,6092,218,742,387,712,20,322,770,821,146,1240,819
2291,5243,787,667,457,380,0,556,840,826,69,1625,666
1490,4004,315,524,266,385,24,340,644,468,38,951,539
1801,5397,197,613,334,657,66,372,613,668,148,1050,751
3805,11471,611,944,1005,1245,17,645,1550,1278,332,1881,1924
3545,9737,714,1011,734,1086,0,762,1044,1512,227,1915,1630
1924,5180,413,644,428,439,147,381,833,536,174,1246,678
1887,4871,376,699,384,428,0,397,784,567,139,1176,711
2873,8680,323,996,453,1101,0,421,1174,1134,144,1567,1306
1180,3802,68,417,253,442,0,363,363,343,111,727,453
1215,4173,92,317,246,560,0,332,314,500,69,592,623
2060,6544,311,419,431,899,0,494,905,534,127,966,1094
558,1737,57,131,199,171,20,124,213,206,15,215,343
61,190,6,14,22,19,2,14,23,22,2,23,38
235,733,24,55,84,72,8,52,90,87,6,91,144
1531,4786,109,478,323,621,14,395,474,626,36,725,806
1235,4039,97,406,239,493,105,328,400,443,64,700,535
3178,10029,290,809,745,1334,78,802,1025,1151,200,1502,1676
2138,7235,166,506,515,951,20,615,850,611,62,980,1158
833,2906,74,273,170,316,11,256,273,191,113,468,365
1859,6495,171,394,407,887,48,631,595,515,118,880,979
2382,8163,421,522,551,888,28,827,755,612,188,1357,1025
1975,6475,194,583,461,737,10,593,711,530,141,1215,760
3581,10650,755,843,819,1164,31,1483,1110,788,200,2145,1436
1229,3917,125,420,284,400,23,366,395,340,128,766,463
3238,9141,621,879,884,854,0,1285,1182,692,79,1742,1496
2219,7541,297,542,631,749,264,520,898,511,290,1287,932
925,3051,151,304,141,329,28,329,299,244,53,575,350
1037,3227,171,301,193,372,12,327,307,314,89,617,420
3081,9760,606,916,488,1071,19,1131,988,698,264,1885,1196
2426,8715,281,588,466,1091,5,952,661,561,252,1375,1051
3851,12410,341,791,1122,1597,21,756,1654,1313,128,1417,2434
1897,6741,246,438,436,777,25,599,596,536,166,997,900
2531,7555,413,1008,331,779,16,922,618,785,206,1737,794
1549,5057,192,530,336,491,20,620,521,284,124,1120,429
2038,6850,262,602,396,778,66,882,576,411,169,1235,803
2672,7418,674,703,549,746,65,899,1127,555,91,1605,1067
2922,9071,317,1000,640,965,59,1175,767,800,180,1696,1226
2354,7388,250,798,506,800,37,709,826,668,151,1333,1021
2360,6313,675,649,497,539,369,1217,802,327,14,1475,885
5472,14434,1072,1791,1500,1109,0,1273,2319,1644,236,3507,1965
1616,5242,93,470,329,724,0,379,541,594,102,730,886
1052,3375,82,251,349,370,18,236,326,404,86,532,520
1600,4220,400,623,265,312,71,613,456,457,74,1170,430
2524,7268,539,629,482,874,52,662,985,741,136,1336,1188
1051,2924,221,333,149,348,8,268,358,377,48,599,452
1846,5851,213,641,354,638,48,617,543,578,108,1144,702
2269,7928,427,413,514,915,47,851,605,634,179,1200,1069
1449,4827,157,430,306,556,30,487,439,399,124,856,593
2333,7509,437,452,544,900,34,589,894,661,189,1263,1070
1799,6177,285,373,319,822,21,486,621,589,103,924,875
1271,4632,125,294,267,585,32,369,436,333,133,713,558
2054,7573,103,516,426,1009,33,609,525,709,211,1177,877
906,3634,76,164,221,445,49,322,281,205,98,429,477
824,3516,84,171,169,400,104,298,246,201,79,497,327
1327,5217,142,313,217,655,33,386,374,397,170,700,627
879,3516,19,222,192,446,0,87,324,344,124,416,463
860,3264,78,176,278,328,0,305,276,190,89,438,422
2073,8076,153,521,406,993,93,685,501,516,371,1229,844
2088,7009,139,768,456,725,108,726,602,599,161,1351,737
1492,4277,323,498,295,376,90,703,386,288,115,1108,384
1635,5269,138,457,424,616,25,467,560,521,87,885,750
1874,5822,442,398,416,618,61,909,449,373,143,1131,743
3589,12094,502,1011,809,1267,75,962,1495,846,286,2105,1484
1522,6342,101,313,271,837,35,631,401,320,170,753,769
1066,2621,384,352,129,201,60,527,283,205,51,861,205
1154,3962,259,253,206,436,34,283,351,344,176,711,443
2005,7548,171,608,389,837,53,456,643,633,273,1047,958
3018,9578,683,844,492,999,137,855,1005,807,351,2172,846
1187,4902,139,245,197,606,16,309,311,295,272,666,521
890,4102,72,183,156,479,70,218,214,190,268,491,399
693,2509,97,179,113,304,11,137,179,290,87,391,302
3295,11313,425,951,668,1251,41,698,858,1183,556,2003,1292
2301,7632,427,602,514,758,178,541,820,713,227,1415,886
1242,3447,304,423,250,265,60,263,526,349,104,810,432
915,3293,90,198,244,383,32,235,247,286,147,457,458
907,3301,73,227,218,389,10,165,253,372,117,564,343
1177,4690,128,209,127,713,129,183,464,364,166,421,756
890,3664,154,119,185,432,213,247,281,163,199,476,414
2163,8824,159,340,399,1265,35,384,728,654,397,867,1296
1366,4407,193,348,355,470,23,259,365,558,184,839,527
660,2399,148,159,89,264,0,106,242,204,108,426,234
4236,12465,780,1274,824,1358,59,781,1435,1458,562,2542,1694
1571,5800,227,626,303,415,1363,297,535,625,114,1060,511
1021,2875,155,390,271,205,22,262,358,275,126,727,294
3013,7881,669,1061,711,572,69,825,1063,855,270,1908,1105
1715,4955,338,601,372,404,0,234,851,484,146,1054,661
1854,6466,351,479,267,757,28,316,708,558,272,1123,731
1667,5234,326,423,391,527,10,418,629,456,164,964,703
1338,4234,283,399,160,496,18,288,435,367,248,868,470
2598,7962,507,548,898,645,102,450,989,886,273,1585,1013
1021,3184,192,357,118,354,30,174,283,398,166,694,327
1784,6502,180,331,447,826,6,250,590,644,300,862,922
1257,4310,301,252,198,506,165,270,548,310,129,641,616
1822,6068,350,404,314,754,7,316,599,741,166,1033,789
1406,4366,191,464,270,481,32,381,261,611,153,882,524
1612,5514,146,510,358,598,9,437,469,491,215,915,697
1645,5321,282,523,287,553,25,276,552,582,235,1068,577
1402,4720,216,395,219,572,20,307,513,419,163,904,498
3235,11240,730,740,567,1198,521,647,1444,827,317,1812,1423
1415,3685,528,390,199,298,91,414,618,320,63,1041,374
1767,4438,582,530,345,310,107,464,760,439,104,1160,607
2489,5763,928,705,523,333,114,542,1232,452,263,1907,582
1563,4467,418,496,254,395,287,295,631,490,147,1120,443
1374,3397,410,529,172,263,7,386,456,443,89,974,400
1443,4555,226,465,401,351,157,246,458,593,146,966,477
3150,9348,501,1019,607,1023,28,530,1207,1108,305,1983,1167
2479,6629,448,951,569,511,104,619,872,807,181,1729,750
2204,6124,407,729,427,641,34,467,825,760,152,1362,842
1098,2832,286,302,235,275,0,293,487,238,80,681,417
1803,4946,536,532,345,390,285,413,810,485,95,961,842
1329,4066,138,467,296,428,53,228,444,515,142,748,581
1292,3827,234,451,183,424,21,375,307,436,174,907,385
729,2100,119,268,144,198,0,130,247,253,99,524,205
2188,6031,495,678,518,497,15,473,908,549,258,1607,581
1963,5755,493,626,312,532,517,514,666,652,131,1321,642
2420,7645,603,533,225,1059,28,518,1222,606,74,1350,1070
1799,5136,542,322,441,494,12,544,705,446,104,1083,716
2556,8494,751,319,572,914,94,507,1187,591,271,1410,1146
1065,3372,367,126,130,442,37,151,418,327,169,604,461
2158,5661,674,568,398,518,0,600,927,464,167,1509,649
1390,4796,212,370,275,533,15,418,244,493,235,829,561
2262,6431,551,631,463,617,7,461,827,717,257,1591,671
2303,7630,453,600,393,857,40,549,823,571,360,1458,845
2774,7529,697,977,402,698,123,535,1284,798,157,1728,1046
1279,3942,264,408,245,362,16,326,367,463,123,835,444
3509,8015,1416,1031,428,634,7,768,1614,878,249,2502,1007
1314,3650,401,364,163,386,5,362,484,358,110,969,345
1420,3784,347,534,234,305,59,401,465,449,105,1078,342
1096,2951,263,318,221,294,0,226,416,373,81,760,336
1403,3492,405,452,250,296,10,273,423,594,113,975,428
1759,4312,548,557,338,316,58,468,695,527,69,1262,497
1667,4584,426,493,273,475,0,316,638,558,155,1105,562
2915,7129,1097,788,503,527,193,602,1284,956,73,2041,874
2991,9657,704,579,590,1118,19,611,1134,890,356,1738,1253
1865,6254,307,436,432,690,8,408,624,593,240,1135,730
0,0,0,0,0,0,0,0,0,0,0,0,0
1065,3859,223,195,165,482,41,243,408,278,136,534,531
607,2307,131,86,80,310,0,154,272,90,91,293,314
923,3583,139,183,153,448,0,194,358,228,143,513,410
1579,5053,310,503,269,497,107,509,535,421,114,860,719
1308,4136,279,386,212,431,14,269,544,371,124,823,485
1049,3851,183,236,181,449,1,268,348,248,185,518,531
1161,3454,369,221,197,374,16,356,403,286,116,732,429
1082,2965,315,351,137,279,12,277,528,226,51,751,331
1229,3309,238,514,216,261,1,370,407,348,104,949,280
1383,3449,365,582,162,274,32,371,641,283,88,1041,342
2656,6253,629,1246,443,338,0,579,929,963,185,2109,547
1734,4871,424,543,372,395,26,401,673,529,131,1197,537
1283,3288,450,423,116,294,46,510,500,244,29,847,436
1520,5480,291,322,304,603,50,339,678,301,202,675,845
1090,3142,326,267,210,287,5,306,486,256,42,615,475
1683,6008,372,269,300,742,13,428,612,496,147,768,915
1324,4612,292,196,332,504,15,296,512,361,155,638,686
1129,4477,201,176,166,586,8,267,441,307,114,486,643
1113,4321,209,190,186,528,30,267,499,200,147,480,633
1006,3374,290,167,182,367,138,342,428,134,102,494,512
1998,6520,543,373,329,753,15,957,570,361,110,961,1037
739,2484,171,180,87,301,15,147,254,179,159,514,225
1151,4464,141,254,225,531,75,312,336,281,222,514,637
1278,4204,250,398,221,409,61,315,709,239,15,673,605
2319,7735,511,594,349,865,22,663,992,454,210,1284,1035
1747,6071,427,396,260,664,5,646,600,361,140,846,901
1753,4352,590,484,398,281,0,486,658,400,209,1262,491
775,2759,271,164,185,155,855,179,291,240,65,569,206
1650,4338,455,471,449,275,14,435,651,517,47,1101,549
2189,6406,599,592,479,519,71,591,785,587,226,1385,804
2316,7864,415,618,508,775,6,496,633,904,283,1409,907
1953,5902,488,556,441,468,174,366,1003,481,103,1152,801
1113,3077,247,348,210,308,53,153,411,494,55,686,427
1528,3989,374,564,232,358,10,281,751,365,131,1055,473
1368,3483,354,411,347,256,11,215,568,460,125,926,442
2130,4969,760,631,414,325,37,687,803,455,185,1592,538
972,2744,245,429,123,175,435,200,380,326,66,746,226
1761,4347,301,871,294,295,0,348,601,703,109,1363,398
2339,5403,562,1022,368,387,9,462,981,876,20,1562,777
2317,5404,574,928,499,316,0,374,926,840,177,1680,637
1414,3616,363,432,347,272,8,315,471,523,105,976,438
1390,3852,290,475,274,351,190,300,510,535,45,846,544
2187,5698,565,678,349,595,1,396,751,918,122,1461,726
2205,6258,239,861,422,683,5,533,881,686,105,1348,857
690,1871,117,255,142,176,0,151,181,285,73,452,238
795,2166,152,334,113,196,0,140,309,302,44,548,247
1243,2784,455,374,190,224,0,296,569,367,11,830,413
1938,3978,782,610,332,214,0,512,772,571,83,1400,538
2638,7602,740,686,472,740,18,657,1055,732,194,1666,972
2055,6677,507,470,355,723,126,433,812,625,185,1088,967
1762,6507,343,394,221,804,136,438,553,584,187,873,889
1490,4812,407,541,169,373,0,327,626,411,126,1022,468
1305,4673,263,133,418,491,245,224,494,426,161,642,663
1352,4297,266,345,298,443,49,298,593,340,121,706,646
1203,4148,209,276,239,479,51,276,455,318,154,640,563
716,2218,188,183,176,169,273,225,309,152,30,426,290
1372,3701,545,403,88,336,22,410,640,252,70,1044,328
1324,4250,277,311,280,456,0,302,460,421,141,829,495
1971,7453,279,378,375,939,29,474,818,396,283,1110,861
3312,8374,1154,820,710,628,105,750,1620,729,213,2439,873
1608,4090,472,525,284,327,0,334,634,539,101,1190,418
1403,3131,622,329,149,303,0,243,652,455,53,1004,399
1483,3265,417,687,207,172,6,340,512,589,42,1196,287
1562,4259,241,606,375,340,0,273,495,686,108,976,586
1845,3389,991,472,252,130,18,314,918,556,57,1583,262
2253,3956,1370,594,132,157,42,606,1115,493,39,1964,289
2786,5200,1491,870,150,275,154,320,1674,752,40,2423,363
2791,4741,1567,878,231,115,64,626,1326,808,31,2531,260
2490,5289,994,796,405,295,18,490,1037,774,189,2104,386
2446,4374,1267,820,243,116,0,652,1201,548,45,2093,353
3506,5730,2101,1033,258,114,106,913,1901,661,31,3195,311
2158,4159,1090,648,234,186,0,625,1061,447,25,1800,358
1419,3378,496,485,155,283,0,491,512,331,85,1173,246
1706,4324,423,691,223,369,108,401,666,552,87,1238,468
1401,3559,359,503,262,277,144,402,406,504,89,935,466
1943,4837,523,600,443,377,13,383,759,704,97,1229,714
2708,6339,920,885,358,545,0,732,1005,856,115,1967,741
2509,6977,447,830,434,798,0,535,873,881,220,1450,1059
2662,7204,550,897,415,800,26,819,646,924,273,1771,891
1852,4408,663,649,236,304,317,361,777,646,68,1397,455
1390,3022,545,507,159,179,0,298,722,298,72,1071,319
2220,5201,662,968,203,387,0,523,756,834,107,1714,506
1481,3263,539,521,201,220,80,456,668,340,17,1075,406
1499,3112,607,535,213,144,128,399,728,320,52,1167,332
2012,4818,645,691,343,333,0,414,898,601,99,1433,579
1880,5271,409,559,456,456,0,388,794,542,156,1241,639
952,2840,198,260,141,353,0,202,270,398,82,600,352
1846,5781,320,520,426,580,0,396,788,560,102,1117,729
2287,5121,670,909,503,205,13,310,1039,823,115,1696,591
330,1331,52,70,133,75,351,102,136,51,41,153,177
243,606,66,110,39,28,0,72,71,60,40,175,68
29,58,10,12,3,4,0,0,10,19,0,22,7
312,576,121,168,21,2,38,35,136,141,0,287,25
1393,2694,568,582,115,128,56,649,495,226,23,1207,186
997,2276,421,447,67,62,437,312,434,240,11,884,113
2509,4315,1614,629,174,92,329,1181,833,403,92,2312,197
441,719,309,98,20,14,57,174,209,42,16,410,31
3502,6164,1898,1167,172,265,97,1165,1492,789,56,3111,391
1489,2641,712,553,170,54,0,203,846,370,70,1337,152
2861,5118,1561,810,345,145,145,774,1306,686,95,2510,351
1128,2412,398,432,184,114,16,164,517,376,71,904,224
2004,4068,816,877,168,143,94,255,1079,575,95,1821,183
2886,6702,1020,1084,428,354,38,759,1163,715,249,2310,576
1441,3775,529,348,289,275,199,591,477,303,70,1084,357
1686,4024,846,597,138,105,731,516,739,344,87,1505,181
459,1201,151,122,99,87,0,128,141,92,98,364,95
414,839,180,158,37,39,0,170,154,87,3,348,66
658,1711,199,222,107,130,0,251,327,69,11,346,312
1151,2773,435,394,198,124,32,397,423,274,57,881,270
162,388,57,52,27,26,1,71,68,19,4,96,66
799,1915,279,258,135,127,4,348,335,96,20,472,327
619,1853,152,178,109,180,11,187,210,136,86,445,174
731,1866,254,233,88,156,5,243,330,105,53,506,225
1231,2679,560,392,143,136,83,275,562,362,32,1006,225
785,2185,270,217,119,179,63,176,365,144,100,550,235
1019,2595,423,318,96,182,0,336,366,208,109,870,149
5832,10200,3051,1958,528,295,5,1402,2882,1424,124,5138,694
1082,2421,339,424,216,103,0,196,548,270,68,855,227
1759,3951,697,642,221,199,49,445,708,465,141,1475,284
843,2151,255,276,153,159,5,250,286,230,77,587,256
1521,4182,419,461,314,327,84,278,612,435,196,1016,505
1856,4727,603,637,337,279,21,427,744,564,121,1447,409
660,1540,255,191,99,115,9,199,180,229,52,514,146
2283,4964,917,830,243,293,29,527,918,745,93,1834,449
953,2248,282,402,118,151,91,153,357,404,39,742,211
1869,4359,509,762,353,245,64,350,773,641,105,1435,434
1546,3530,540,527,286,193,1,305,574,529,138,1268,278
786,1796,315,281,67,123,13,156,323,258,49,618,168
682,1463,277,217,115,73,49,168,277,203,34,559,123
1335,3171,410,458,214,253,0,403,595,307,30,1054,281
1296,3027,256,687,185,168,0,345,468,447,36,1069,227
1359,4110,582,497,77,203,867,560,477,285,37,1140,219
1019,4895,327,334,239,119,2317,248,460,234,77,951,68
1389,8648,691,462,124,112,5759,648,443,213,85,1374,15
2262,5455,1015,623,280,344,105,666,1006,431,159,2152,110
1170,2752,405,476,114,175,54,244,507,354,65,1031,139
1473,3262,671,422,225,155,171,533,492,331,117,1277,196
2084,5242,655,691,366,372,32,532,842,476,234,1652,432
1665,4129,498,601,270,296,0,446,570,581,68,1176,489
884,2069,327,295,150,112,116,191,458,210,25,606,278
1130,2932,249,474,174,233,13,204,407,431,88,810,320
2011,4307,780,657,367,207,41,631,698,581,101,1566,445
1928,4284,793,591,241,303,96,450,758,556,164,1534,394
1937,4931,837,661,145,294,213,678,795,346,118,1786,151
135,1728,45,50,13,27,1360,54,50,20,11,110,25
1714,4661,785,537,195,197,1121,450,776,419,69,1523,191
1794,3520,888,517,259,130,0,459,753,426,156,1726,68
1749,3843,727,568,210,244,0,459,800,412,78,1435,314
1612,3558,588,516,294,214,11,303,655,537,117,1291,321
1142,2605,501,364,66,211,0,163,606,251,122,861,281
1711,3879,633,568,204,306,10,439,630,582,60,1275,436
930,2114,334,276,164,156,15,332,267,285,46,707,223
1622,3648,530,685,245,162,44,452,653,474,43,1336,286
1583,3510,457,700,244,182,11,463,635,458,27,1258,325
1611,3907,435,577,289,310,28,442,581,509,79,1164,447
842,2080,152,378,158,154,0,285,228,291,38,622,220
1521,3643,421,567,233,300,0,500,535,430,56,1146,375
634,1649,120,289,85,140,0,155,266,169,44,455,179
1641,3953,357,700,301,283,0,353,669,543,76,1254,387
1219,3161,334,325,214,346,12,292,450,438,39,730,489
863,2413,119,316,160,268,0,104,399,316,44,501,362
1230,3310,332,296,268,334,8,258,496,411,65,628,602
934,2502,240,220,247,227,23,186,421,304,23,510,424
1177,3301,112,382,424,259,0,400,525,239,13,501,676
1965,4714,599,650,332,384,20,331,910,635,89,1299,666
689,1626,281,134,161,113,38,138,325,176,50,517,172
859,2016,272,302,146,139,0,202,313,268,76,675,184
735,1735,224,278,102,131,20,242,259,215,19,550,185
1121,2679,231,526,191,173,10,295,373,405,48,830,291
1086,2646,264,514,108,200,0,254,387,398,47,838,248
1115,2926,140,517,217,241,10,364,237,477,37,791,324
915,2324,188,326,223,178,5,209,304,354,48,628,287
1078,2758,267,359,238,214,19,215,443,364,56,725,353
1090,2776,272,354,265,199,17,191,507,354,38,780,310
1980,4912,566,672,265,477,13,383,812,663,122,1532,448
2752,7567,905,651,630,566,34,913,1140,429,270,1849,903
1447,3536,365,622,183,277,7,382,551,437,77,1059,388
527,1175,132,244,114,37,0,195,135,176,21,427,100
1599,3840,425,643,252,279,11,474,570,491,64,1177,422
1109,2851,282,355,286,186,11,187,467,301,154,866,243
1965,6149,452,461,333,719,0,384,666,542,373,1311,654
1702,4246,790,297,195,420,22,687,584,280,151,1235,467
1139,4787,118,196,171,654,12,227,422,292,198,401,738
2028,6996,436,503,336,753,99,483,821,398,326,1160,868
2878,6569,1085,1053,345,395,0,473,1340,941,124,2182,696
1893,6668,308,437,356,792,109,550,737,411,195,947,946
2177,6835,720,448,299,710,111,725,963,340,149,1365,812
1699,3116,791,639,173,96,0,452,687,517,43,1542,157
1757,5547,466,383,274,634,10,472,653,441,191,942,815
1112,4102,194,262,171,485,33,308,360,276,168,537,575
2237,7621,346,676,329,886,36,337,798,770,332,1404,833
2424,7420,669,533,483,739,422,706,934,547,237,1435,989
2268,8522,287,421,311,1249,33,458,781,664,365,1048,1220
1574,6262,254,232,194,894,140,365,718,338,153,598,976
3920,11402,1454,777,593,1096,599,891,1722,858,449,2621,1299
1297,4380,142,365,346,444,9,280,491,361,165,769,528
1685,6319,287,265,289,844,0,234,671,479,301,810,875
1780,5506,415,448,261,656,13,404,665,558,153,1168,612
1928,4950,614,572,334,408,40,592,875,364,97,1306,622
2729,7326,592,1086,448,603,23,567,1058,847,257,1999,730
980,2356,341,294,118,227,5,178,482,269,51,726,254
1243,3045,329,533,213,168,5,344,435,401,63,958,285
1917,5210,539,596,360,422,58,492,716,514,195,1364,553
1573,4243,414,472,306,381,27,438,606,400,129,1057,516
3168,9081,651,1118,470,929,60,850,1054,957,307,2311,857
1852,5583,415,460,352,625,21,592,460,593,207,1180,672
1422,4793,209,442,217,554,22,289,517,376,240,844,578
1939,5951,388,545,462,544,30,489,554,630,266,1258,681
5300,14941,1134,1720,1075,1371,12,931,1917,1914,538,3394,1906
2160,5873,432,920,292,516,55,682,635,653,190,1636,524
1373,4466,202,400,284,487,17,266,449,379,279,933,440
2162,6529,504,584,409,665,25,459,831,622,250,1403,759
2240,6422,542,699,384,615,16,379,956,630,275,1689,551
1283,4517,162,415,155,551,36,334,376,365,208,801,482
2034,5764,417,770,259,588,8,640,675,503,216,1263,771
1482,3165,444,696,215,127,0,419,615,418,30,1170,312
1426,3295,573,417,170,266,41,366,627,401,32,1083,343
452,936,255,128,25,44,123,161,232,59,0,374,78
1087,2453,376,410,124,177,4,211,540,198,138,791,296
3206,8255,928,971,586,721,72,464,1479,1072,191,2295,911
1259,4259,176,252,255,576,0,202,432,503,122,684,575
3615,9409,931,1117,800,767,56,604,1556,1118,337,2424,1191
1215,3502,259,414,190,352,113,211,455,407,142,839,376
2802,10520,182,902,536,1182,4,340,762,1141,559,1465,1337
3020,8327,588,1078,572,782,24,619,1123,956,322,2056,964
3168,8240,696,1347,357,768,12,740,1126,1087,215,2269,899
1485,4175,207,547,356,375,1,291,590,502,102,977,508
341,1054,68,88,45,140,15,76,109,130,26,209,132
2870,8146,511,895,778,686,15,614,1035,898,323,1807,1063
1310,3897,148,480,222,460,0,261,407,530,112,847,463
379,952,93,128,81,77,0,89,139,113,38,225,154
3098,7483,1108,883,605,502,16,801,1181,809,307,2378,720
1535,3818,401,530,294,310,7,391,594,462,88,989,546
2256,5382,771,678,318,489,87,715,811,675,55,1619,637
2926,8414,555,876,712,783,78,674,984,1145,123,1900,1026
2769,7516,634,1071,474,590,143,623,1015,1001,130,1838,931
1837,5641,377,653,296,511,46,376,853,445,163,1284,553
2118,6539,358,657,553,550,59,394,744,597,383,1363,755
1432,2482,815,431,160,26,152,702,524,181,25,1261,171
2629,7651,693,767,430,739,0,570,1240,647,172,1572,1057
1506,5324,254,295,286,671,5,183,656,353,314,729,777
1236,3442,256,395,304,281,42,279,370,550,37,883,353
1282,3668,151,502,322,307,67,270,418,442,152,908,374
2985,7989,617,1089,748,531,252,548,1268,944,225,2068,917
3146,8433,612,1331,553,650,48,742,1235,921,248,2251,895
2896,9986,443,685,467,1301,5,551,1045,925,375,1391,1505
5412,10818,2431,1890,592,499,155,1098,2605,1548,161,4458,954
2828,7716,780,783,493,772,17,608,1245,825,150,1780,1048
2179,5460,713,521,516,429,0,697,801,513,168,1653,526
2589,7349,572,929,425,663,391,600,968,827,194,1811,778
1856,4500,441,731,341,343,12,475,606,678,97,1336,520
2710,6916,665,895,581,569,16,616,1140,712,242,2029,681
2446,6089,714,820,395,517,17,726,911,700,109,1772,674
1711,4681,381,508,318,504,20,397,605,600,109,1077,634
2163,5743,610,634,437,482,264,672,659,728,104,1451,712
1345,3487,280,554,174,337,34,460,348,434,103,957,388
2276,5940,415,930,362,569,22,551,827,732,166,1614,662
1682,4896,217,618,354,493,32,519,658,447,58,1004,678
2922,7444,650,1063,615,594,43,546,1162,1046,168,2071,851
2387,5909,785,752,240,610,65,660,911,747,69,1747,640
2770,5694,986,1150,351,283,3,635,1211,855,69,2135,635
2567,5673,889,929,402,347,0,506,1262,751,48,1996,571
1398,3700,354,558,200,286,179,409,507,423,59,1047,351
2279,5904,397,942,359,581,48,608,917,634,120,1548,731
1198,3469,134,436,312,316,18,229,458,435,76,724,474
1071,2904,293,383,123,272,49,435,243,352,41,788,283
2119,6212,194,949,405,571,71,583,804,627,105,1275,844
1486,3906,262,586,306,332,9,343,451,590,102,897,589
1894,4812,494,729,255,416,200,543,672,614,65,1383,511
2094,4803,696,707,313,378,6,700,627,667,100,1484,610
3530,6966,1602,1222,335,371,0,730,1985,724,91,2910,620
1821,3243,879,656,180,106,5,232,1077,479,33,1545,276
2272,6328,475,907,223,667,373,736,707,708,121,1474,798
5904,8166,3914,1942,47,1,113,4892,909,89,14,5888,16
2087,5482,623,590,446,428,38,361,942,680,104,1349,738
2057,5564,497,664,377,519,53,520,795,601,141,1355,702
2132,6003,296,846,386,604,17,490,757,784,101,1272,860
2591,6475,622,1092,362,515,16,551,1182,731,127,1843,748
1513,4370,250,577,221,465,18,341,573,499,100,944,569
2595,6581,530,1158,257,650,43,791,936,773,95,1833,762
731,2064,110,265,131,225,0,169,234,301,27,447,284
1337,3756,183,610,206,338,0,333,491,454,59,928,409
1032,2542,254,388,217,173,76,268,445,285,34,734,298
2342,6260,555,717,398,672,36,600,976,687,79,1468,874
798,3223,150,327,133,188,1175,248,294,241,15,539,259
1788,5741,165,729,353,541,675,371,800,524,93,1064,724
3960,10866,835,1359,698,1068,42,938,1705,1144,173,2508,1452
510,1687,108,110,168,124,8,151,145,189,25,346,164
1301,3446,237,505,264,295,0,495,417,312,77,914,387
2004,5810,226,791,413,574,45,514,747,634,109,1166,838
2737,7255,473,1281,223,760,10,810,1022,762,143,1986,751
3924,11331,604,1328,614,1378,8,719,1954,1115,136,2139,1785
3917,10593,665,1623,503,1126,14,943,1618,1110,246,2663,1254
3210,7724,994,904,661,651,0,474,1571,1086,79,2010,1200
2246,6625,387,683,504,672,62,485,835,838,88,1244,1002
3054,7736,808,987,620,639,0,392,1362,1137,163,2042,1012
2793,8842,299,763,597,1134,25,322,980,1207,284,1406,1387
1851,5794,288,550,279,734,37,259,658,736,198,919,932
1272,3866,164,330,314,464,13,279,378,523,92,661,611
1692,4623,409,492,299,492,25,527,411,597,157,1128,564
4123,11506,898,1016,907,1302,0,536,2148,1241,198,2081,2042
13719,43773,1682,3372,2524,6141,322,1568,5849,5541,761,5729,7990
7251,21357,1013,2751,1192,2295,194,1627,2605,2470,549,4493,2758
13119,41162,1972,4282,2128,4737,149,3687,4047,3893,1492,7447,5672
6007,20604,841,1415,1197,2554,124,1094,2160,2074,679,3024,2983
4194,15192,577,873,814,1930,30,828,1439,1387,540,2106,2088
1874,4844,566,573,339,396,0,687,633,477,77,1326,548
3569,10796,776,978,706,1109,62,912,1350,1070,237,2074,1495
1036,3055,250,370,49,367,0,374,270,259,133,748,288
1397,4430,150,508,298,441,13,240,522,488,147,866,531
5230,18298,691,1213,1036,2290,32,671,1804,1945,810,2772,2458
5453,18486,835,1368,1048,2202,105,953,2116,1516,868,3209,2244
2449,6935,478,714,615,642,6,892,786,548,223,1687,762
2897,8629,734,699,584,880,165,772,1095,803,227,1611,1286
2259,6453,618,635,436,570,30,672,1025,414,148,1306,953
1489,4369,390,356,265,478,0,512,722,215,40,659,830
1701,5376,345,437,334,585,0,402,712,477,110,917,784
1239,3960,198,494,150,397,16,415,407,285,132,829,410
2493,6913,831,646,334,682,26,724,1135,370,264,1627,866
1425,4545,345,352,193,535,9,470,477,358,120,965,460
5181,18077,646,1563,1089,1883,117,885,1919,1806,571,3115,2066
2640,8228,594,777,429,840,41,537,1077,784,242,1709,931
1114,3370,274,241,223,376,74,331,501,247,35,644,470
1472,4015,355,481,297,339,87,374,621,356,121,949,523
2589,7137,712,891,363,623,18,1080,923,440,146,1706,883
2622,8386,435,850,493,844,58,476,1103,743,300,1677,945
1229,4472,140,222,256,611,13,181,490,372,186,599,630
869,3073,74,220,245,330,2,170,395,165,139,372,497
1484,5354,204,285,362,633,39,328,599,398,159,652,832
781,2373,204,179,189,209,47,280,237,211,53,447,334
1249,3504,341,379,226,303,45,369,464,355,61,847,402
1705,6537,288,269,309,839,0,393,597,473,242,831,874
1662,5580,237,384,423,618,4,290,588,572,212,909,753
2446,7814,625,474,500,847,70,819,818,528,281,1307,1139
1753,6154,272,278,382,821,15,394,617,508,234,779,974
1730,6971,252,221,370,887,6,266,641,390,433,790,940
1473,3773,454,456,246,317,7,336,615,433,89,1009,464
2148,4279,766,975,188,219,7,859,774,515,0,1748,400
1345,3277,301,566,260,218,9,343,526,374,102,911,434
1311,3353,300,494,285,232,0,390,546,341,34,901,410
1916,5049,408,678,380,450,0,442,777,583,114,1223,693
1250,3187,331,393,281,245,0,286,462,450,52,823,427
1735,5442,141,593,405,596,3,278,583,698,176,968,767
1951,5183,468,746,327,410,31,534,829,465,123,1443,508
1000,3156,238,353,164,245,37,295,340,226,139,786,214
2961,7829,754,1122,491,594,15,618,1120,1021,202,2216,745
1560,5132,261,582,218,499,21,339,641,478,102,1077,483
1199,3093,323,472,212,192,224,342,529,287,41,845,354
1132,3457,221,327,323,261,28,355,366,350,61,730,402
1207,2468,597,339,112,159,0,531,554,102,20,847,360
1024,2581,297,416,124,187,0,266,448,260,50,616,408
1105,3105,314,369,155,267,18,331,440,235,99,740,365
1034,2573,320,378,124,212,13,373,420,181,60,686,348
776,2247,241,195,131,209,40,179,274,270,53,525,251
1461,3960,334,506,328,293,47,474,527,417,43,901,560
2384,6771,628,765,377,614,86,856,821,529,178,1717,667
1114,3406,205,353,256,300,81,320,292,418,84,739,375
1282,3503,457,245,273,307,15,408,564,237,73,877,405
1179,2626,396,475,140,168,0,320,589,175,95,963,216
1498,4346,315,477,338,368,5,517,546,383,52,885,613
1069,2603,426,342,110,191,9,313,425,272,59,835,234
1368,3657,439,474,235,220,34,491,544,251,82,1061,307
935,2748,239,293,86,317,0,240,318,272,105,603,332
237,773,35,99,56,47,137,80,80,67,10,154,83
850,3088,67,255,197,331,38,140,281,301,128,508,342
1487,5287,183,478,224,602,78,340,513,380,254,867,620
1213,2478,595,317,150,151,21,718,314,131,50,932,281
2126,5203,637,725,357,407,18,746,784,481,115,1493,633
1829,5353,692,381,309,447,464,612,896,224,97,1217,612
1773,6080,262,600,114,797,41,555,622,455,141,1035,738
1653,5756,203,545,344,561,36,285,734,396,238,1037,616
3354,11420,281,1198,480,1395,66,481,1027,1321,525,1976,1378
3428,11352,352,917,873,1286,0,449,1143,1346,490,1893,1535
3030,9063,443,1213,410,964,6,630,1292,883,225,1973,1057
1680,5035,256,569,298,557,7,336,603,509,232,1150,530
1749,5247,330,539,370,510,3,489,671,426,163,1078,671
2239,6966,402,626,481,730,58,516,882,710,131,1242,997
858,3436,46,154,283,375,486,68,461,308,21,195,663
1193,3911,141,397,235,420,0,233,377,418,165,701,492
1787,6259,264,407,403,713,5,339,548,505,395,1042,745
1655,4753,307,544,402,402,10,427,574,455,199,1087,568
1677,5315,355,384,414,524,0,497,695,323,162,989,688
2102,6251,454,661,408,579,23,631,847,494,130,1261,841
1288,4282,321,269,154,544,0,284,507,346,151,659,629
1632,5603,400,365,280,587,54,502,523,377,230,1019,613
1150,4355,138,191,210,611,22,278,372,327,173,492,658
1218,4025,219,300,265,434,45,130,543,370,175,673,545
654,2376,196,147,136,175,616,147,269,200,38,364,290
913,2837,291,234,105,283,135,295,384,174,60,556,357
1895,5850,430,478,361,626,42,594,753,395,153,1091,804
1038,3241,191,335,195,317,189,295,451,249,43,590,448
1313,4516,279,324,178,532,109,329,479,322,183,743,570
1241,3404,243,488,246,264,0,344,389,450,58,851,390
4063,11028,943,1456,646,1018,52,1127,1465,1161,310,2883,1180
3570,9789,980,1135,743,712,121,1060,1284,1058,168,2488,1082
4984,16709,521,1441,1176,1846,175,803,1635,1858,688,2805,2179
4644,14565,620,1362,1110,1552,0,582,1809,1795,458,2486,2158
0,6528,0,0,0,0,6528,0,0,0,0,0,0
1612,4661,427,411,309,465,5,483,561,414,154,953,659
2325,6322,598,644,429,654,0,574,1235,479,37,1303,1022
1259,3464,265,512,190,292,0,209,497,398,155,853,406
1283,3896,224,369,262,428,0,208,485,477,113,728,555
2073,6443,361,472,487,753,21,454,537,764,318,1151,922
1031,2957,151,323,252,305,0,169,384,349,129,620,411
2252,6140,576,847,233,596,25,502,859,689,202,1684,568
4564,10459,1769,1533,446,816,108,1950,1308,1107,199,3624,940
2408,5855,743,857,290,518,0,540,930,792,146,1662,746
4346,13623,632,1411,616,1687,6,768,1633,1591,354,2343,2003
1429,3941,309,400,423,297,64,302,592,413,122,964,465
2047,5491,481,737,401,428,27,490,964,499,94,1325,722
1819,4908,403,693,269,454,5,547,567,568,137,1306,513
1654,4415,286,733,275,360,11,540,491,536,87,1286,368
913,3040,106,241,251,315,21,175,287,331,120,551,362
3712,11936,486,1138,686,1402,0,687,1430,1187,408,1999,1713
2204,7451,304,779,306,815,21,345,729,857,273,1254,950
4405,9516,1253,2371,411,370,128,2248,1411,632,114,3767,638
3399,11588,582,867,565,1385,8,726,993,1193,487,1776,1623
2659,9958,214,787,412,1246,73,329,1003,915,412,1351,1308
2199,5421,524,899,409,367,138,668,616,793,122,1420,779
45,767,38,0,7,0,713,6,32,7,0,38,7
2666,8024,686,845,354,781,76,637,996,740,293,1765,901
1552,4204,368,601,253,330,11,422,548,415,167,1102,450
3225,9395,926,812,621,866,253,647,1128,1081,369,1942,1283
678,1723,227,186,131,134,17,123,279,241,35,490,188
1243,3038,517,341,243,142,348,360,591,249,43,898,345
851,2334,252,204,171,224,9,159,295,271,126,601,250
1308,3364,446,375,181,306,75,257,443,535,73,878,430
2510,7959,455,783,316,956,25,515,818,871,306,1335,1175
1057,2734,196,470,168,223,5,390,255,316,96,777,280
2632,8134,566,843,406,817,31,662,610,1003,357,1706,926
1651,5294,374,316,431,530,38,286,555,662,148,870,781
3363,9464,899,985,563,916,77,1016,919,1042,386,2332,1031
2440,6461,613,817,394,616,64,676,810,649,305,1702,738
1550,4075,317,673,199,361,79,378,531,551,90,1152,398
1968,4834,634,682,278,374,16,673,693,446,156,1520,448
1372,2991,669,512,132,59,595,622,421,319,10,1236,136
2711,6901,513,1329,412,457,85,774,786,980,171,2146,565
741,1681,210,339,86,106,19,215,324,160,42,578,163
1696,5960,357,661,256,422,1320,419,547,601,129,1292,404
2536,5995,783,1006,304,443,94,846,950,635,105,1946,590
800,2101,169,344,134,153,30,295,226,228,51,605,195
538,1210,172,258,32,76,81,188,170,145,35,469,69
2007,5281,703,621,234,449,72,604,828,361,214,1548,459
2185,5191,782,799,279,325,448,674,849,588,74,1743,442
3434,10213,791,1003,651,989,55,650,1207,1201,376,2243,1191
2348,5067,818,993,219,318,54,742,820,720,66,1927,421
2182,6101,525,682,406,569,35,486,836,687,173,1485,697
2292,4649,853,1037,188,214,38,1178,614,484,16,2035,257
4014,8822,1617,1224,615,558,239,1508,1452,987,67,3197,817
1025,2508,255,459,95,216,4,265,335,376,49,851,174
3174,8887,597,1042,702,833,0,688,934,1192,360,2103,1071
1819,5002,405,669,284,461,5,338,805,549,127,1208,611
2008,5399,585,661,259,503,282,384,797,665,162,1359,649
1891,5634,379,728,299,485,324,386,711,675,119,1323,568
1512,3940,367,614,225,306,33,371,569,436,136,1202,310
1397,3282,414,470,311,202,0,398,522,411,66,989,408
2002,4954,700,504,423,375,11,536,618,588,260,1360,642
2061,4817,807,694,232,328,200,663,767,513,118,1631,430
1378,4558,160,315,335,568,17,163,645,450,120,680,698
1460,3966,203,582,329,346,0,280,453,626,101,1013,447
2561,6815,797,706,462,596,137,810,931,664,156,1840,721
5077,14185,1030,1745,862,1440,61,1097,1992,1533,455,3304,1773
2799,7075,822,997,460,520,56,732,1285,647,135,1988,811
1322,3303,397,433,202,290,5,276,556,401,89,905,417
1896,4672,511,600,416,369,12,395,858,512,131,1312,584
2272,6500,483,730,388,671,0,343,880,810,239,1636,636
1968,5249,415,678,437,438,0,375,666,766,161,1289,679
1491,5594,280,504,271,436,1375,259,584,489,159,995,496
1603,4724,385,470,257,491,22,334,657,355,257,1041,562
2366,5887,758,752,404,452,0,677,1021,535,133,1649,717
1550,3512,561,503,287,199,0,364,713,381,92,1175,375
1864,4480,650,534,362,318,16,685,471,574,134,1399,465
2008,5838,306,706,431,565,0,252,777,706,273,1347,661
3329,9313,1130,844,394,961,16,884,1258,792,395,2191,1138
2419,7483,651,514,424,830,63,372,951,892,204,1362,1057
2977,7113,904,1078,494,501,20,855,1239,602,281,2151,826
1316,3457,264,572,233,247,134,270,485,511,50,904,412
1377,3435,217,706,230,224,32,419,576,300,82,1101,276
3541,6107,1557,1778,90,116,125,2495,735,271,40,3461,80
3176,8121,756,1219,517,684,48,855,1084,1050,187,2280,896
1513,3453,597,443,185,288,63,460,496,475,82,1108,405
2738,6220,1085,738,378,537,72,1054,1070,507,107,1996,742
1671,4485,379,581,353,358,25,312,600,640,119,1080,591
2697,6573,923,872,406,496,300,1106,747,604,240,1936,761
2048,5195,654,585,425,384,189,556,662,618,212,1520,528
1398,3282,564,459,94,281,179,491,420,420,67,1081,317
920,1836,491,260,82,87,87,236,425,221,38,814,106
1810,3553,780,569,289,172,0,567,654,480,109,1492,318
1053,3195,340,411,184,118,792,305,284,306,158,909,144
1687,3704,578,700,229,180,69,338,724,567,58,1369,318
1818,4355,585,667,190,376,67,610,514,591,103,1395,423
4287,10129,1287,1688,510,802,113,1227,1801,1118,141,3276,1011
2160,5453,721,631,354,454,31,653,914,414,179,1596,564
2091,5910,546,639,389,517,540,540,892,478,181,1344,747
1949,5388,423,764,301,461,29,284,820,568,277,1354,595
3658,10266,742,1211,737,968,17,713,1421,1140,384,2363,1295
1971,5346,430,711,337,493,12,486,668,593,224,1394,577
1495,5271,270,326,371,528,32,343,436,470,246,876,619
2775,7122,1065,761,308,641,96,817,973,689,296,1840,935
2490,7419,803,470,298,919,13,556,1068,604,262,1601,889
2830,7825,772,972,364,722,36,1004,744,800,282,1834,996
1913,6473,428,597,271,617,104,267,686,742,218,1220,693
2028,5990,456,511,377,684,20,361,945,622,100,1101,927
2585,8744,577,572,337,1099,61,520,985,761,319,1298,1287
1453,5687,156,297,229,771,235,223,473,459,298,650,803
2523,8281,643,627,401,852,49,425,1036,743,319,1538,985
3683,12652,567,1188,723,1205,319,660,1242,1327,454,2145,1538
2470,7302,499,892,466,613,58,573,663,976,258,1745,725
2350,5665,803,811,368,368,134,663,1003,512,172,1885,465
2878,6624,873,1116,449,440,28,642,1304,850,82,2201,677
1842,4394,540,670,310,322,16,633,514,586,109,1414,428
1558,3735,508,552,255,243,153,398,719,329,112,1191,367
1952,4639,483,897,315,257,22,481,862,531,78,1541,411
1693,4243,391,668,368,266,0,587,556,514,36,1303,390
1607,3219,505,769,230,103,17,513,772,312,10,1322,285
1650,3039,808,601,129,112,0,730,618,266,36,1497,153
1687,3742,630,635,217,205,0,673,583,332,99,1356,331
1950,4489,633,776,244,297,5,608,715,529,98,1603,347
1723,3926,570,734,175,244,44,584,547,488,104,1417,306
3132,10742,452,756,622,1302,84,613,1034,1059,426,1756,1376
3059,8713,704,963,531,861,34,789,1078,837,355,1965,1094
3861,10286,802,1419,594,1046,21,1172,1131,1184,374,2629,1232
2127,4865,680,859,337,251,209,668,804,589,66,1745,382
1691,4052,428,622,349,292,0,493,637,487,74,1257,434
1684,4265,414,611,373,286,61,417,707,435,125,1059,625
1080,2825,219,510,210,141,110,340,445,247,48,848,232
1382,3886,315,616,141,310,116,377,504,402,99,1018,364
3613,9825,875,1407,451,880,121,1135,1237,948,293,2469,1144
1716,3640,601,838,140,137,183,692,608,388,28,1554,162
1064,2717,241,462,121,240,0,337,386,299,42,852,212
1122,3023,286,348,207,281,0,306,333,337,146,742,380
684,1624,189,272,103,120,2,176,343,146,19,540,144
2685,6394,1102,642,306,635,111,732,1151,735,67,1818,867
2495,5457,784,918,418,375,0,764,935,729,67,1753,742
3179,8345,886,1054,523,716,44,774,1227,803,375,2436,743
2147,5485,769,651,309,418,18,374,776,867,130,1461,686
2774,6772,956,874,528,416,299,855,987,706,226,1980,794
4403,12195,1132,1426,657,1188,141,1204,1453,1295,451,2896,1507
1005,2373,251,395,161,198,0,296,426,245,38,745,260
2881,7791,551,1152,457,721,45,706,1257,823,95,2094,787
1349,2877,482,606,101,160,35,455,456,371,67,1132,217
860,1672,379,364,69,48,27,280,319,221,40,770,90
157,430,37,41,19,60,0,31,83,39,4,114,43
1593,3669,462,717,89,325,24,361,670,509,53,1211,382
1365,3098,437,474,234,220,24,430,451,429,55,1007,358
2797,7180,621,973,620,583,126,606,1164,838,189,1778,1019
3023,7102,1125,1065,253,580,207,1263,792,857,111,2290,733
2593,6441,567,983,529,514,66,739,825,915,114,1792,801
2393,6718,455,938,339,661,121,604,828,858,103,1559,834
2118,4237,1087,564,262,205,363,680,905,423,110,1787,331
2127,6810,553,560,441,573,528,443,585,722,377,1425,702
2163,5138,561,857,328,417,0,636,882,608,37,1594,569
2358,5824,956,774,262,366,829,723,980,578,77,1869,489
2947,12116,399,661,474,1413,121,376,1027,890,654,1254,1693
1850,5125,572,493,326,459,11,365,829,484,172,1281,569
2744,5878,1193,738,591,222,193,515,1251,854,124,2174,570
3529,8132,1147,1210,560,612,11,808,1540,981,200,2537,992
2048,4536,650,770,270,358,37,529,942,557,20,1437,611
1277,3227,354,406,200,317,27,261,566,392,58,843,434
2223,5240,618,787,397,421,8,379,781,890,173,1563,660
776,2397,134,262,89,291,71,193,316,231,36,428,348
1982,5042,487,750,271,474,20,500,951,466,65,1379,603
3109,6798,1249,934,439,487,132,960,1243,764,142,2301,808
2445,5985,952,601,306,586,279,664,997,691,93,1730,715
0,2912,0,0,0,0,2912,0,0,0,0,0,0
2838,6334,1085,814,371,568,15,646,1279,807,106,2034,804
2100,5201,600,604,435,461,0,424,956,610,110,1322,778
2272,5814,489,820,386,577,0,508,1022,680,62,1328,944
1952,4393,678,707,243,324,70,629,571,673,79,1435,517
2025,4644,678,769,260,318,300,519,975,472,59,1362,663
2222,5429,524,881,323,494,0,490,928,763,41,1380,842
2542,5941,752,957,349,484,33,741,1059,653,89,1848,694
919,2023,293,370,77,179,0,425,372,116,6,663,256
4371,7655,2068,1737,401,165,20,1085,2033,1215,38,3926,445
1032,2626,341,330,129,232,0,332,451,234,15,680,352
2780,6548,836,863,537,544,20,621,1052,1000,107,1920,860
1856,4596,544,607,297,408,0,437,681,645,93,1269,587
2106,4753,817,569,201,519,7,476,1013,541,76,1507,599
251,684,76,115,31,29,169,63,101,79,8,165,86
868,1956,264,388,100,116,44,249,318,272,29,735,133
