TAZ1454,EMPNUM,AGREMPN,FPSEMPN,HEREEMPN,MWTEMPN,OTHEMPN,RETEMPN
1,16674,10,13069,1298,341,943,649
2,25943,0,17533,3281,1023,1055,2878
3,2218,0,714,902,67,364,139
4,18250,1,11124,1754,1834,2477,832
5,18613,0,3523,6055,2658,422,5822
6,3659,0,319,2952,60,43,255
7,9430,0,520,8315,38,88,447
8,4049,0,553,2251,62,594,561
9,15998,5,1053,3995,194,10479,214
10,5611,0,762,1833,610,2013,344
11,12826,0,1046,3315,318,3713,4389
12,10281,0,2541,5396,240,707,1317
13,18128,0,12911,2684,510,686,1161
14,29300,3,16294,1422,7860,1363,1175
15,12824,5,8250,1749,737,1503,548
16,23879,21,9565,1798,948,7593,3444
17,5410,0,1954,645,260,1567,924
18,6590,7,1411,2038,615,1915,538
19,9152,0,1179,695,797,4152,2263
20,6049,0,903,2001,950,1431,705
21,4048,0,1227,1117,705,347,577
22,15513,9,11013,1695,812,880,987
23,9770,0,3898,937,629,1545,2694
24,12878,14,7552,2811,563,1240,571
25,1982,0,421,1047,169,23,310
26,3345,0,2207,705,92,82,248
27,1394,0,163,982,54,49,131
28,1308,0,175,1008,4,73,30
29,2273,0,266,1855,50,65,22
30,1487,0,199,884,45,184,158
31,2126,0,199,1734,33,23,120
32,4081,1,533,2667,201,316,326
33,1433,0,257,830,52,21,256
34,987,0,100,632,41,33,178
35,493,0,134,161,19,120,47
36,2443,1,355,1342,144,208,359
37,2859,0,802,1512,211,115,183
38,1029,0,475,285,60,51,146
39,1054,0,51,842,9,80,60
40,7836,0,560,2504,79,151,4527
41,9875,8,2358,4318,752,1092,1333
42,620,2,118,385,24,72,9
43,1733,0,263,930,25,40,462
44,1605,0,482,896,36,57,114
45,3186,0,823,1471,73,152,639
46,1642,0,325,787,22,252,237
47,2588,0,508,1551,41,61,418
48,801,0,109,540,17,20,95
49,1240,7,181,907,14,89,27
50,2110,0,286,1274,46,58,424
51,438,0,53,321,15,24,22
52,4814,18,1135,1239,1132,749,205
53,2686,0,14,2175,206,241,50
54,695,0,107,262,30,41,250
55,168,0,33,109,5,8,10
56,2513,0,305,2196,2,10,0
57,109,1,70,12,6,11,3
58,899,0,97,630,39,24,93
59,1425,0,132,1044,33,166,39
60,260,2,27,166,15,21,29
61,524,0,67,344,7,29,74
62,1260,0,236,761,31,52,167
63,585,0,154,281,40,33,67
64,3327,0,121,464,84,2488,169
65,2070,0,407,996,52,215,389
66,2600,13,471,1415,117,293,257
67,2008,2,139,352,53,72,1384
68,753,0,64,569,6,27,61
69,4979,0,109,4198,25,128,500
70,7849,0,693,5344,65,1158,578
71,2452,8,248,1866,22,94,199
72,1978,0,286,1379,57,123,101
73,1530,0,199,923,24,42,325
74,5964,2,237,5073,81,140,294
75,3393,0,694,1615,14,397,661
76,2665,2,695,665,14,788,408
77,1670,0,362,1001,12,20,275
78,935,0,188,274,3,450,17
79,4120,3,802,2064,97,885,235
80,341,0,52,230,14,10,33
81,3294,0,158,2829,72,107,110
82,1596,1,238,527,17,61,614
83,537,2,128,368,1,7,27
84,531,0,100,248,20,38,102
85,1263,7,172,685,79,100,202
86,1542,0,140,1195,10,129,62
87,1009,0,74,834,7,20,67
88,2105,0,127,1113,64,75,706
89,989,1,107,603,83,50,132
90,31163,1,233,30689,18,100,107
91,285,0,57,173,10,19,20
92,1177,0,22,607,7,526,8
93,401,0,101,176,24,45,46
94,1110,0,153,609,55,23,259
95,417,0,111,215,22,30,32
96,309,0,61,153,8,46,34
97,743,0,157,399,37,12,119
98,861,1,259,302,15,25,247
99,757,0,104,567,6,16,58
100,3118,0,603,1642,192,274,334
101,2783,0,492,1478,192,160,458
102,1303,0,116,585,23,456,115
103,982,0,194,538,26,31,173
104,1766,0,256,997,36,130,332
105,1497,0,202,997,30,79,156
106,5202,0,532,1819,196,1899,693
107,13422,0,1620,2249,2721,4631,2173
108,4744,4,676,1019,1202,1168,601
109,5966,0,1333,2559,142,500,1379
110,3242,0,892,834,663,212,597
111,3636,9,693,770,821,909,397
112,906,0,163,247,124,166,191
113,871,2,179,307,209,127,35
114,1027,0,248,372,184,141,70
115,963,0,49,558,14,316,17
116,3316,0,664,1035,600,731,254
117,646,0,56,414,32,74,67
118,477,1,61,184,16,165,45
119,338,0,20,205,21,12,77
120,532,0,39,322,26,68,74
121,417,0,83,73,35,102,114
122,561,0,70,330,58,75,22
123,2925,0,301,1967,47,213,387
124,537,0,178,199,42,42,60
125,264,0,31,196,10,15,12
126,147,0,40,46,17,36,8
127,544,0,105,315,17,69,31
128,582,0,80,299,17,139,44
129,347,0,82,141,18,84,15
130,652,0,128,231,15,88,187
131,268,0,69,71,34,49,35
132,811,0,108,346,18,50,277
133,632,0,180,268,30,64,84
134,1015,0,240,396,28,208,140
135,526,0,7,267,121,30,98
136,644,0,13,615,6,7,3
137,178,0,13,57,8,74,23
138,1298,0,85,901,74,64,174
139,647,22,32,211,199,106,77
140,163,0,13,97,16,32,5
141,275,0,32,140,19,43,35
142,15733,45,996,1735,6709,4114,2035
143,677,0,98,241,66,127,142
144,461,0,157,209,60,11,21
145,897,0,89,144,428,212,15
146,292,0,105,30,102,14,28
147,2034,0,242,514,468,535,250
148,2430,4,628,316,802,577,80
149,1653,0,261,441,404,498,37
150,2082,0,757,266,331,495,223
151,79,0,16,55,1,3,4
152,270,0,72,141,11,33,13
153,63,0,9,16,23,10,2
154,292,0,43,151,19,32,47
155,153,0,16,115,0,17,5
156,22,4,4,3,0,9,2
157,72,0,25,34,3,2,8
158,402,0,93,177,23,76,26
159,140,0,15,76,7,19,20
160,222,0,9,162,14,21,16
161,192,0,46,113,2,17,9
162,445,0,112,136,101,38,58
163,124,0,4,86,13,11,10
164,689,0,58,446,24,43,110
165,1621,0,236,807,176,170,226
166,647,0,110,407,10,64,50
167,261,0,17,168,15,32,29
168,622,0,103,401,11,60,44
169,1482,0,359,713,66,191,120
170,2245,0,694,1037,88,176,235
171,536,0,119,199,11,21,166
172,857,0,165,398,18,110,153
173,218,0,123,14,20,34,23
174,271,0,27,196,6,17,18
175,1445,0,201,911,75,74,175
176,657,0,124,287,10,78,145
177,1941,0,394,715,236,305,265
178,427,0,72,270,19,28,32
179,447,0,30,250,29,94,34
180,284,0,38,144,0,32,67
181,295,0,40,196,4,19,29
182,339,0,26,157,55,40,54
183,691,0,46,422,20,55,145
184,1032,0,185,436,147,35,216
185,2076,0,570,1130,61,161,139
186,1302,0,264,800,43,126,69
187,1505,10,264,888,17,34,289
188,3743,0,307,994,28,327,2081
189,1166,0,87,996,33,33,11
190,927,0,55,769,5,90,4
191,795,0,89,496,11,80,116
192,1713,0,271,520,74,68,777
193,2460,10,458,828,274,839,51
194,3423,2,80,3039,36,153,110
195,434,0,19,283,7,10,115
196,224,0,20,164,5,24,11
197,234,0,24,175,3,19,10
198,776,0,47,589,78,3,56
199,4083,0,635,1197,30,262,1957
200,4667,0,139,1856,93,153,2390
201,1104,2,169,453,114,218,139
202,446,0,23,273,13,51,83
203,2316,0,336,1008,69,629,268
204,962,0,148,496,75,103,134
205,139,0,33,72,8,10,7
206,350,0,13,52,263,19,0
207,1262,0,29,943,145,15,126
208,9932,0,1235,850,3488,1869,2472
209,472,0,21,365,14,44,17
210,1037,0,281,152,415,67,119
211,2205,30,568,837,181,281,287
212,27305,10,5450,5118,11447,2385,2623
213,1496,0,243,849,26,161,213
214,526,0,52,222,26,192,30
215,1770,0,335,271,314,591,241
216,2023,0,10,1620,58,13,319
217,3183,0,15,1430,1584,67,77
218,713,0,298,364,5,15,28
219,449,0,11,198,4,38,198
220,395,0,54,205,29,13,84
221,92,0,23,8,0,27,25
222,803,0,60,425,19,100,199
223,1028,2,157,402,118,229,117
224,910,6,193,263,55,315,69
225,1182,0,179,639,54,110,187
226,1000,6,88,546,43,88,222
227,328,0,39,202,55,24,5
228,47,0,0,2,0,45,0
229,474,0,19,400,19,25,7
230,1334,0,89,655,144,44,399
231,151,0,36,71,27,10,1
232,414,0,49,289,15,27,26
233,396,0,82,147,9,19,132
234,6549,0,1111,1784,398,333,2889
235,606,0,58,322,13,180,25
236,861,0,92,498,19,54,198
237,2302,0,443,1331,164,87,271
238,951,1,20,393,222,161,134
239,4613,0,445,2119,1626,160,244
240,3655,2,550,2010,275,228,563
241,454,0,17,381,0,38,17
242,120,0,5,61,11,31,10
243,140,0,20,32,7,11,20
244,1456,0,195,491,122,420,215
245,257,0,15,184,7,32,9
246,5102,0,605,3866,177,170,271
247,315,0,40,221,9,27,8
248,13826,3,3247,4503,3489,1552,944
249,5307,11,778,1295,588,2052,512
250,1000,0,188,385,62,160,174
251,5518,2,1616,1637,363,426,1429
252,1129,3,62,526,45,466,11
253,239,0,53,98,3,18,9
254,465,1,100,146,14,26,154
255,751,3,113,314,32,199,70
256,934,0,416,316,32,129,30
257,6960,0,1674,3378,249,699,931
258,1141,0,219,670,81,54,109
259,915,0,101,490,47,57,211
260,1986,0,392,685,240,343,296
261,909,0,214,406,102,145,36
262,553,0,168,194,48,72,65
263,167,0,40,32,27,60,8
264,1318,1,251,777,66,60,119
265,5096,12,1634,903,204,435,1875
266,21619,0,8782,2072,3641,4981,2112
267,643,0,83,325,7,25,57
268,1058,0,149,260,74,553,22
269,477,0,87,245,24,69,28
270,103,0,26,44,10,7,13
271,570,0,214,142,50,109,40
272,647,0,93,358,29,25,130
273,108,0,43,16,20,10,4
274,1513,0,693,322,112,171,215
275,3178,11,872,569,577,313,825
276,185,0,17,116,11,18,23
277,913,0,64,370,23,258,198
278,5479,0,3290,1168,109,215,678
279,4409,0,1232,940,579,251,1395
280,3725,4,2090,669,212,164,556
281,3064,0,1240,1091,71,482,159
282,3460,0,1044,498,697,1010,189
283,318,0,29,195,8,27,53
284,8704,0,543,2494,226,2775,2657
285,235,3,12,164,12,21,17
286,1673,0,299,729,80,127,431
287,1896,0,247,947,189,302,199
288,884,0,84,707,24,32,28
289,317,0,48,86,21,58,84
290,155,0,35,75,10,14,15
291,1538,0,363,581,269,154,162
292,1081,30,28,167,0,826,14
293,1129,8,143,583,168,144,64
294,1208,0,117,861,60,103,48
295,2022,1,234,395,695,238,443
296,4364,53,693,2107,684,380,398
297,1485,151,110,739,120,156,191
298,1441,6,378,743,38,140,123
299,782,15,141,387,34,163,32
300,592,2,231,103,18,128,94
301,1032,2,197,620,57,97,53
302,383,0,74,165,52,62,17
303,585,1,118,353,26,67,17
304,391,10,47,261,7,50,7
305,116,0,15,71,2,11,8
306,187,0,16,99,27,30,6
307,284,0,54,160,14,15,33
308,1004,0,244,242,133,312,51
309,6494,5,960,2092,1259,1430,717
310,13886,20,2793,2259,3470,3080,2194
311,22092,0,7052,2051,2027,9291,1599
312,2091,0,153,180,1656,72,11
313,6020,0,1005,838,816,2351,982
314,5163,1,860,710,1202,1419,797
315,13949,12,2087,4848,693,4175,2049
316,909,0,374,345,36,125,20
317,1091,0,87,883,26,51,44
318,512,0,191,240,21,8,52
319,204,0,38,120,9,30,3
320,604,0,106,219,48,150,59
321,666,2,172,227,19,43,190
322,633,0,158,334,29,34,68
323,1042,0,95,380,35,61,455
324,716,0,115,368,36,22,175
325,352,0,26,257,16,27,26
326,859,0,74,329,36,129,291
327,881,0,137,474,35,62,170
328,821,0,118,389,73,115,123
329,2958,0,350,578,1062,633,315
330,599,0,261,180,69,43,46
331,6245,0,2212,656,1334,1392,482
332,3632,20,948,718,1484,326,93
333,1646,0,67,720,43,112,701
334,1013,0,74,670,124,70,74
335,1767,0,1061,599,29,43,22
336,974,0,206,419,42,205,99
337,958,0,29,862,16,33,8
338,620,0,42,555,6,4,10
339,505,0,48,306,8,138,2
340,11989,0,2343,910,55,8408,243
341,5588,0,1567,2369,203,289,1104
342,1124,6,115,846,41,46,43
343,260,0,34,146,4,43,27
344,182,0,38,100,6,14,10
345,605,0,162,213,87,49,87
346,6301,49,4966,948,56,110,125
347,1592,57,257,912,176,55,96
348,1589,0,327,333,100,503,320
349,16231,0,5535,4264,3612,719,2049
350,923,0,387,409,66,37,14
351,3779,0,916,1702,108,318,713
352,67,0,0,67,0,0,0
353,117,0,0,113,0,4,0
354,3986,0,88,2555,42,1099,178
355,16523,0,487,11580,407,213,3798
356,13520,5,4149,4644,357,2804,1396
357,706,0,111,340,46,97,71
358,1207,0,531,296,46,215,88
359,382,0,88,208,10,37,17
360,444,0,75,262,28,7,53
361,810,0,136,438,49,38,134
362,4002,3,669,916,2074,102,198
363,742,0,65,633,8,7,29
364,434,0,13,313,17,20,71
365,1186,0,171,435,53,127,385
366,4480,0,374,1113,2168,404,394
367,1175,0,75,963,32,19,72
368,763,1,155,332,36,150,65
369,2264,0,418,786,21,34,982
370,4400,0,1823,1222,162,464,673
371,1858,0,439,773,186,83,347
372,2420,0,406,847,39,133,977
373,533,0,23,177,12,8,304
374,5144,0,1017,1159,935,923,1070
375,115,0,37,55,6,16,1
376,2667,8,553,978,629,232,255
377,1766,3,532,628,123,351,117
378,5346,0,1589,1795,188,1163,512
379,822,0,110,225,24,327,121
380,403,0,54,263,12,10,64
381,10200,0,533,800,344,8181,318
382,380,0,94,254,2,7,23
383,3532,0,75,3175,71,10,180
384,566,0,65,313,15,8,161
385,341,0,25,286,2,17,8
386,137,0,34,81,3,3,6
387,736,0,127,241,20,98,236
388,1580,0,238,1104,80,76,57
389,1722,0,165,1106,66,18,364
390,683,0,71,280,40,16,253
391,701,0,123,349,40,17,163
392,239,0,59,82,22,3,73
393,1059,0,97,478,209,7,265
394,2463,0,169,690,173,1312,113
395,3041,0,568,381,676,301,1109
396,3174,0,387,929,1308,75,373
397,2477,2,315,290,1139,305,414
398,1106,0,330,410,86,55,187
399,4406,0,1374,180,522,1568,718
400,305,0,66,181,20,16,22
401,13347,0,2244,1255,921,8141,691
402,206,0,52,73,49,19,3
403,10709,0,2918,808,5329,1051,591
404,15258,3,3017,395,9018,2667,155
405,3771,0,272,1157,359,36,1947
406,12606,0,1441,1138,6147,2348,1312
407,15741,9,2274,1954,7569,2256,1413
408,9779,0,2708,1200,3283,1304,1254
409,17722,8,3493,820,11533,1272,555
410,8795,0,277,280,5554,2022,650
411,339,0,18,0,315,0,0
412,20973,0,1865,843,16040,1515,692
413,2083,0,1169,524,51,178,143
414,10400,2,1307,1272,4491,2311,972
415,28564,8,4425,5283,13766,2958,2039
416,3359,0,946,904,607,284,552
417,4616,0,2271,169,744,718,705
418,3928,0,573,484,1649,473,743
419,374,1,43,263,15,12,40
420,810,0,27,177,505,65,36
421,629,0,195,135,77,123,88
422,1794,0,449,376,555,108,129
423,265,0,27,137,11,29,58
424,1289,0,235,610,183,196,50
425,368,0,57,225,3,1,82
426,1729,0,87,181,1171,51,233
427,15525,2,1210,1186,10887,957,1159
428,10454,0,2817,1113,2872,772,2299
429,13167,0,945,641,10704,446,377
430,10993,0,3628,570,5281,399,939
431,3387,0,833,252,1561,415,265
432,11161,0,1384,1032,4916,2447,1313
433,2497,0,186,414,170,1667,60
434,4264,0,433,675,1912,783,452
435,14980,0,4619,2902,3605,1138,2640
436,1102,0,56,839,31,23,153
437,709,3,60,315,22,12,294
438,948,0,67,565,31,95,184
439,1237,0,184,840,15,123,72
440,769,0,107,418,36,78,130
441,1513,0,628,583,79,85,119
442,349,0,40,161,0,23,116
443,340,0,23,286,10,12,6
444,1098,0,115,796,71,25,85
445,1151,0,163,457,30,134,351
446,905,0,145,160,229,282,86
447,472,0,42,268,13,4,136
448,2048,0,614,847,44,68,472
449,2076,2,109,831,34,9,1091
450,3498,0,940,1068,225,507,733
451,1243,3,59,619,11,43,505
452,1133,0,114,895,16,23,73
453,1251,0,88,789,43,52,267
454,772,0,92,604,19,29,25
455,633,0,63,442,20,13,88
456,1188,0,239,380,69,232,256
457,735,0,108,255,313,26,28
458,274,0,36,192,24,7,15
459,1292,4,94,722,337,50,76
460,2748,0,264,622,827,46,944
461,1262,20,94,1069,4,25,46
462,1969,0,348,617,79,146,771
463,791,0,156,269,11,18,334
464,522,0,77,226,2,46,130
465,2442,0,312,1212,101,82,714
466,6825,0,287,1008,160,154,5206
467,5674,1,1634,2439,181,374,1005
468,1936,0,499,909,93,144,291
469,1036,0,211,557,22,172,71
470,1271,0,487,513,15,99,154
471,2014,0,150,987,84,161,626
472,1674,0,581,812,41,85,138
473,648,0,205,287,26,81,46
474,378,1,39,241,5,47,45
475,2472,0,389,809,53,56,1156
476,2206,0,543,1003,35,185,430
477,1042,0,65,754,25,47,145
478,2241,0,474,198,62,19,1485
479,1261,0,297,631,33,53,243
480,581,0,110,246,29,94,83
481,615,0,277,193,18,11,114
482,223,0,53,103,16,33,8
483,1783,0,321,838,62,89,463
484,3277,0,1469,956,148,315,371
485,8580,10,792,2027,4742,311,600
486,2126,3,369,824,59,209,593
487,915,0,155,577,44,54,79
488,853,80,92,501,44,38,73
489,466,2,50,355,12,10,15
490,3605,0,707,1932,412,270,217
491,384,0,53,261,11,0,44
492,669,0,185,215,26,107,133
493,870,0,352,407,28,31,31
494,1201,3,460,408,59,121,125
495,585,5,213,153,130,40,32
496,1337,4,270,676,51,65,256
497,1048,0,195,599,47,172,29
498,1394,0,326,785,29,61,181
499,1952,0,206,1105,23,149,463
500,174,0,22,126,3,4,9
501,333,0,42,89,7,16,170
502,783,0,88,372,5,61,254
503,3597,0,689,1941,246,373,323
504,9742,6,1879,2143,1693,2461,1476
505,376,0,107,119,22,66,59
506,2264,0,451,1707,27,58,9
507,671,0,72,451,17,16,98
508,2893,0,728,406,232,1341,164
509,2385,0,1005,762,204,126,252
510,266,0,41,169,1,40,12
511,7744,0,1795,3427,423,753,1235
512,588,40,132,143,23,162,70
513,223,14,107,63,8,20,11
514,1160,3,203,633,28,51,238
515,732,0,124,442,18,69,73
516,323,0,53,210,6,49,5
517,2327,0,108,1927,2,75,210
518,3421,3,595,1917,108,179,616
519,4090,0,691,2002,1107,110,135
520,1087,0,192,384,76,271,152
521,2227,0,305,836,132,372,578
522,954,0,195,577,4,81,94
523,1604,0,164,507,189,96,648
524,247,0,60,115,9,49,14
525,478,0,50,351,9,36,29
526,1561,0,444,686,102,254,61
527,2138,0,565,1084,77,151,255
528,1238,2,525,430,43,65,149
529,1136,0,288,317,111,98,314
530,7401,0,2750,1730,560,869,1439
531,11584,0,10685,658,64,93,78
532,746,0,185,378,23,36,124
533,3677,0,1011,2188,102,246,127
534,9017,2,715,7142,148,908,93
535,1627,2,187,937,124,50,313
536,843,3,131,218,47,80,358
537,4508,0,1063,1517,1007,492,415
538,1355,0,291,323,284,149,299
539,8162,6,247,5150,1275,728,729
540,3419,0,1366,1512,141,263,115
541,3680,1,289,2786,131,288,165
542,2272,0,756,912,176,275,147
543,3746,0,561,2093,104,671,297
544,1234,0,169,736,61,84,165
545,1434,12,275,813,114,73,89
546,10894,0,1364,801,198,8358,164
547,3276,0,820,396,558,788,701
548,1066,0,196,621,74,53,106
549,5080,0,1768,1711,366,717,479
550,573,0,178,321,3,20,51
551,1805,0,106,739,270,338,346
552,117,0,28,12,40,33,4
553,326,0,32,234,21,24,15
554,678,0,142,411,35,33,54
555,1049,0,83,646,65,137,101
556,3820,0,15,3727,6,39,24
557,10044,8,2063,2146,564,4822,415
558,21640,20,8315,6314,716,4960,1184
559,750,0,164,389,27,49,68
560,5596,0,1858,2938,128,585,72
561,1314,0,129,328,442,164,239
562,533,0,121,176,59,64,95
563,15229,4,1767,3130,4642,2477,3184
564,1837,0,77,1024,51,31,637
565,1560,0,279,385,182,352,355
566,2078,0,267,956,154,461,239
567,1434,3,310,331,478,178,125
568,649,0,56,245,163,121,61
569,252,0,14,199,14,12,13
570,323,3,39,169,25,54,30
571,156,0,13,106,9,17,11
572,498,0,20,436,4,31,7
573,248,0,47,146,2,11,42
574,353,1,49,196,12,62,33
575,616,0,148,329,43,21,75
576,492,0,138,140,60,105,39
577,323,0,31,252,7,29,4
578,997,0,136,643,28,46,144
579,1787,0,98,566,384,355,384
580,865,15,86,181,346,159,78
581,450,0,114,197,9,67,60
582,2198,0,360,1151,40,84,548
583,4554,0,481,1570,95,186,2208
584,605,0,102,312,116,23,43
585,553,0,73,236,92,20,125
586,885,0,63,509,11,45,248
587,282,0,55,190,7,6,24
588,369,0,85,209,7,11,57
589,507,0,59,321,26,22,79
590,452,0,47,250,6,20,129
591,2965,6,218,2424,57,170,78
592,385,0,67,110,102,23,83
593,2270,0,299,322,799,676,161
594,339,5,99,124,49,13,49
595,1451,3,56,1166,10,67,146
596,835,0,34,593,16,71,111
597,912,2,104,268,332,139,64
598,825,0,95,273,77,33,337
599,95,0,34,28,7,6,17
600,228,0,33,108,21,35,31
601,1423,0,926,238,74,89,94
602,4944,8,667,602,1321,2111,209
603,5289,25,205,558,955,3015,390
604,3424,0,127,998,1666,505,68
605,19755,3,4394,1747,8204,2290,2881
606,2204,0,347,613,807,186,188
607,5476,0,345,2156,322,412,2238
608,15051,10,1102,1368,10597,931,1016
609,3293,0,628,970,165,1166,361
610,320,0,10,41,181,24,64
611,1374,0,149,830,110,127,156
612,2346,0,347,519,694,285,489
613,489,0,105,305,14,19,40
614,842,0,37,509,147,23,123
615,474,3,60,324,34,21,18
616,393,0,37,275,25,18,38
617,452,0,60,296,21,12,60
618,116,0,18,69,5,23,1
619,241,0,19,183,10,6,20
620,1090,0,210,647,36,30,167
621,579,0,43,228,7,7,291
622,439,0,22,359,5,21,23
623,161,0,28,82,17,22,12
624,98,0,30,10,26,18,14
625,801,6,215,320,16,79,165
626,736,0,54,488,16,88,84
627,710,0,151,382,48,15,114
628,490,0,37,231,106,78,34
629,785,0,115,302,23,59,283
630,553,4,77,422,3,25,16
631,651,0,71,540,5,29,6
632,1545,0,144,722,35,39,599
633,1159,0,141,795,11,148,61
634,982,0,92,420,92,57,311
635,580,0,155,199,76,103,44
636,763,0,70,593,4,40,53
637,318,1,76,156,7,59,12
638,404,0,59,318,5,9,13
639,548,0,41,305,2,9,190
640,419,0,13,384,0,7,15
641,469,0,19,412,8,17,7
642,205,0,78,40,7,62,15
643,122,0,7,97,5,13,0
644,645,0,13,356,109,10,149
645,452,0,261,154,16,8,4
646,385,3,109,209,22,25,11
647,152,0,48,31,27,30,10
648,247,0,58,149,11,5,21
649,1008,0,48,585,11,18,342
650,508,3,56,316,51,30,45
651,1290,0,328,720,42,70,130
652,435,1,82,252,8,37,52
653,1477,2,235,912,72,59,196
654,513,0,143,275,39,38,13
655,1240,0,284,655,59,116,111
656,6518,0,1219,834,4100,198,149
657,201,0,59,30,22,59,31
658,239,0,69,133,9,23,5
659,548,0,82,268,33,23,139
660,5551,5,1417,1262,1904,334,591
661,11177,2,181,10215,214,83,475
662,294,0,52,181,3,40,18
663,276,0,19,190,2,50,15
664,254,0,69,108,25,33,9
665,995,4,97,603,12,48,228
666,487,2,149,127,4,44,161
667,663,0,55,440,24,21,120
668,343,0,32,249,20,27,12
669,1344,0,86,459,16,43,721
670,826,2,67,579,38,80,47
671,531,0,171,140,4,13,200
672,285,0,61,97,7,19,98
673,500,0,60,347,24,11,58
674,1341,0,183,580,45,295,221
675,1201,0,370,581,28,80,142
676,2695,5,391,1269,44,158,825
677,5039,0,761,2045,75,92,2060
678,212,0,22,165,10,12,3
679,524,0,46,196,13,20,246
680,1147,0,93,299,15,91,649
681,1040,0,330,477,48,53,132
682,687,0,118,262,29,84,187
683,509,0,51,116,5,77,260
684,1151,0,165,493,33,169,281
685,726,0,74,528,9,76,30
686,1054,0,299,507,43,89,101
687,4252,0,169,916,1614,49,1504
688,1169,0,80,646,44,79,317
689,303,0,55,102,9,27,109
690,912,0,379,360,16,84,67
691,263,0,18,182,1,50,12
692,1447,0,535,467,113,98,210
693,572,0,31,433,37,32,39
694,192,0,35,100,20,16,8
695,257,0,73,23,26,79,37
696,1392,12,946,239,13,135,41
697,3041,396,228,312,1902,121,76
698,1295,55,126,609,94,40,355
699,601,200,49,189,28,49,74
700,11615,188,1639,2208,4148,1126,2210
701,1328,48,295,521,35,94,332
702,3506,0,620,1712,421,399,316
703,249,0,46,100,31,46,26
704,697,22,88,393,86,28,71
705,1242,7,136,728,124,75,172
706,13477,1078,590,2111,4865,955,3869
707,5863,6,591,2348,868,932,1095
708,990,3,185,472,41,209,62
709,2242,17,332,807,91,613,367
710,978,0,224,398,7,88,261
711,526,4,196,188,16,88,19
712,1517,123,162,594,293,207,132
713,936,45,172,148,99,275,185
714,265,48,2,76,5,104,30
715,20542,40,2660,1886,12938,2007,950
716,2425,5,313,549,332,1177,45
717,1768,0,143,1248,73,163,122
718,5572,0,1110,777,1533,1515,589
719,540,0,71,278,9,88,82
720,1775,7,166,1025,86,218,264
721,3456,0,411,1059,425,329,1223
722,636,0,66,340,75,113,39
723,2961,8,709,1122,233,553,321
724,7461,0,619,5990,36,76,733
725,362,0,36,183,32,17,91
726,773,0,151,306,29,78,206
727,288,0,19,242,2,22,2
728,6180,6,1066,1046,1336,874,1802
729,4440,10,877,1130,1013,363,1028
730,8041,6,749,2109,1411,1275,2451
731,138,0,80,23,1,19,12
732,5716,0,584,1600,1066,1071,1304
733,5118,0,499,1989,201,661,1753
734,2222,1,465,729,248,648,116
735,770,16,89,370,54,96,132
736,11737,4,2910,1602,401,372,6416
737,5942,0,1141,2256,1318,398,788
738,435,0,253,107,28,18,16
739,9563,9,2458,2265,703,1500,2501
740,1754,0,129,861,246,199,299
741,685,0,162,355,24,75,69
742,21341,0,5076,3718,4843,2934,4678
743,4700,0,1058,1292,1026,785,519
744,1686,0,123,936,110,345,156
745,336,0,41,142,32,90,31
746,1972,7,297,720,269,391,266
747,191,15,42,54,36,9,22
748,284,0,27,117,8,128,4
749,826,0,126,562,55,20,47
750,7495,0,1021,525,4884,516,525
751,24675,0,3251,2418,10580,2631,5598
752,29342,23,2407,2112,17086,1369,6065
753,516,0,174,179,33,101,17
754,745,0,189,454,32,38,26
755,1219,0,438,588,37,34,112
756,3991,150,658,669,553,1369,554
757,162,0,27,69,21,16,26
758,285,0,18,181,22,24,34
759,781,0,54,613,42,29,39
760,353,2,48,165,4,29,102
761,3682,0,859,1437,402,432,537
762,590,0,84,398,30,43,32
763,2061,0,696,732,30,532,62
764,1674,0,81,1095,10,38,447
765,1464,0,36,976,42,24,383
766,566,0,80,429,3,6,47
767,8255,3,1346,3054,1520,226,2064
768,5933,1,1077,494,2414,740,1088
769,5104,1,1066,354,3459,26,186
770,1624,0,273,942,167,11,222
771,1297,0,190,594,13,42,452
772,483,0,87,247,33,30,86
773,1788,0,238,654,350,318,199
774,3141,4,481,1620,627,189,208
775,653,0,135,380,40,41,47
776,1826,0,357,959,102,219,161
777,9435,0,1760,5095,74,918,1558
778,5781,0,708,3067,200,1661,122
779,846,0,438,250,16,29,113
780,752,0,315,385,10,9,33
781,357,0,33,255,31,28,10
782,498,13,51,210,42,59,122
783,78,0,36,0,12,18,12
784,1035,0,87,580,30,50,288
785,460,0,46,234,64,17,99
786,213,0,79,71,6,7,50
787,474,0,62,268,19,11,111
788,447,0,92,222,52,23,46
789,131,0,17,85,0,10,16
790,278,0,22,154,22,58,13
791,413,0,87,190,13,19,104
792,57,0,13,24,6,10,4
793,605,0,64,380,47,25,89
794,32,0,8,5,6,7,3
795,1670,0,259,314,660,181,181
796,6230,0,303,2054,1200,380,2282
797,5522,15,436,867,3613,234,331
798,1170,0,274,698,68,80,47
799,330,0,43,126,29,18,97
800,1612,0,111,834,29,537,101
801,2159,0,485,554,547,228,335
802,624,0,16,411,17,34,146
803,441,3,6,387,14,11,17
804,583,0,101,322,5,36,109
805,295,0,8,215,22,35,12
806,12378,0,1382,1469,6972,674,1498
807,558,2,46,428,2,15,59
808,304,0,7,247,2,7,38
809,2296,4,275,196,1485,189,147
810,28416,70,4290,2304,13325,3616,4654
811,2957,3,312,844,1030,465,295
812,3143,0,459,1072,58,113,1432
813,1491,0,43,1276,14,19,136
814,192,0,14,110,19,6,43
815,273,0,19,249,0,5,0
816,605,0,13,423,4,25,137
817,564,0,159,269,20,49,58
818,327,0,19,263,3,20,12
819,566,0,79,169,14,26,278
820,998,2,123,638,51,62,113
821,1943,0,56,1763,17,77,27
822,178,0,48,90,14,21,2
823,958,0,175,658,13,81,28
824,1523,4,163,498,287,55,516
825,208,0,38,133,7,2,18
826,849,0,150,298,115,81,202
827,3686,0,103,698,175,2614,73
828,1109,0,154,434,151,216,130
829,1402,0,83,86,5,922,306
830,556,0,65,332,15,16,128
831,665,0,29,321,44,118,150
832,667,0,91,505,13,15,43
833,160,0,9,139,4,7,1
834,1489,0,118,306,1015,16,19
835,816,0,121,354,66,123,152
836,385,7,28,86,45,8,211
837,870,1,50,649,39,103,23
838,1039,0,169,455,26,114,275
839,5136,2,1270,1838,242,1348,417
840,1358,0,335,620,45,67,285
841,882,0,70,694,31,24,53
842,467,0,125,196,7,35,104
843,373,0,45,255,47,18,5
844,1108,16,254,478,26,101,220
845,589,0,65,424,21,60,9
846,544,0,116,325,1,57,42
847,1336,0,382,531,84,104,235
848,5433,0,450,4071,154,112,634
849,428,0,55,272,11,15,66
850,320,0,35,233,7,40,5
851,99,0,27,24,10,17,17
852,442,0,25,304,16,49,38
853,1933,1,80,1552,44,225,28
854,345,4,67,164,33,16,61
855,460,0,34,273,70,8,72
856,1872,0,205,778,23,73,787
857,1822,0,134,1443,69,44,129
858,1483,0,95,506,62,277,540
859,275,0,39,173,11,23,25
860,4980,12,505,586,2010,1102,756
861,1829,0,389,734,369,297,37
862,4516,0,418,625,1895,735,824
863,1915,0,298,730,374,75,426
864,3212,0,313,1835,319,86,640
865,480,0,10,423,2,26,19
866,801,0,48,382,6,354,9
867,324,0,25,208,9,32,50
868,461,0,43,315,10,52,38
869,991,0,91,496,16,239,149
870,14314,0,37,13885,90,219,58
871,5222,0,1322,1982,793,405,688
872,2227,3,107,615,92,228,1173
873,12919,62,1462,1486,5870,1927,2014
874,1977,0,196,642,919,186,34
875,15386,0,2293,3197,2291,5758,1820
876,55,0,22,12,17,0,4
877,197,0,13,133,14,0,37
878,852,0,156,308,247,80,61
879,396,0,32,91,31,74,168
880,416,0,7,338,2,29,37
881,61,0,7,28,8,11,4
882,783,3,111,339,14,65,247
883,390,2,28,249,20,30,56
884,539,0,108,307,23,85,16
885,1124,0,225,789,9,70,23
886,601,2,65,227,66,109,123
887,354,2,29,283,3,16,21
888,248,0,10,205,0,4,29
889,173,0,4,82,73,7,7
890,225,0,6,145,0,17,57
891,285,0,38,185,0,17,45
892,1133,0,116,167,742,49,59
893,976,0,30,225,523,107,50
894,1351,0,182,346,567,188,53
895,564,0,84,320,61,71,25
896,3322,12,245,282,2002,425,331
897,340,0,18,201,18,19,83
898,471,0,22,211,183,12,43
899,1037,0,57,872,14,37,54
900,1534,0,136,646,60,495,187
901,275,0,71,159,11,23,11
902,167,0,9,85,1,5,67
903,255,0,39,164,6,33,13
904,566,0,44,443,5,23,41
905,478,2,31,355,28,13,49
906,446,0,42,325,12,15,46
907,285,0,38,187,10,38,6
908,458,0,89,268,14,22,62
909,342,0,33,231,9,20,43
910,1249,2,188,829,33,133,46
911,12060,0,111,11116,49,654,124
912,768,0,130,399,45,65,107
913,2233,0,825,823,34,138,395
914,166,0,66,18,12,45,22
915,448,1,133,226,14,36,25
916,1649,0,302,951,2,7,381
917,801,0,102,262,37,313,79
918,1483,0,217,830,68,175,164
919,66,0,37,5,3,12,5
920,370,0,54,275,10,11,12
921,597,0,191,233,22,49,99
922,731,0,103,467,27,87,44
923,399,0,119,164,7,13,93
924,610,0,35,418,7,35,115
925,2313,0,388,996,189,317,348
926,5146,0,401,1491,1763,509,973
927,1336,0,52,1185,30,13,56
928,422,0,50,268,8,30,57
929,328,0,10,302,0,6,6
930,584,0,5,561,5,4,9
931,5597,3,31,5372,146,22,11
932,61,0,7,26,4,19,5
933,519,2,48,362,26,19,62
934,1024,0,103,671,33,77,137
935,105,0,29,41,14,6,15
936,152,0,25,94,1,14,16
937,766,0,71,329,21,36,300
938,301,1,120,74,35,44,22
939,2250,0,565,685,535,184,253
940,364,0,51,267,9,16,18
941,163,0,24,124,5,4,4
942,1081,0,193,722,67,14,73
943,496,0,122,281,15,58,14
944,481,0,122,220,17,5,108
945,8818,0,1554,1630,489,5072,18
946,3430,0,467,1114,687,479,661
947,3898,11,417,1683,1169,264,335
948,2275,0,197,561,169,1092,245
949,1036,0,89,476,191,99,174
950,1126,0,323,514,42,101,142
951,353,0,72,208,13,18,39
952,4578,5,837,1145,1209,488,865
953,1119,0,263,629,11,37,163
954,2272,0,195,885,110,90,809
955,2313,0,187,1250,20,614,230
956,1044,0,207,461,55,203,109
957,777,0,47,670,5,53,2
958,459,0,76,314,13,24,26
959,645,0,104,371,27,35,97
960,2498,0,737,816,195,306,424
961,1146,0,208,285,76,27,546
962,479,0,45,360,17,28,23
963,596,2,237,252,18,16,53
964,952,0,341,173,192,221,11
965,868,0,62,63,673,8,53
966,2067,0,153,511,1094,261,38
967,4797,0,1399,1766,959,260,393
968,14500,3,3690,3734,5246,852,778
969,6458,0,2764,1053,214,2344,74
970,4850,0,844,2098,75,1718,100
971,18508,0,7099,3828,835,6002,642
972,2620,0,212,1339,190,177,702
973,3964,0,107,3700,35,16,99
974,3353,3,367,1864,194,157,752
975,783,0,47,552,30,95,56
976,1817,1,274,897,185,261,199
977,3932,0,173,3216,187,276,77
978,756,0,46,512,42,60,93
979,8351,0,347,7707,75,45,157
980,286,0,37,148,55,8,38
981,810,0,240,310,28,147,79
982,414,2,42,331,16,16,7
983,167,0,18,57,43,40,6
984,620,0,105,178,170,89,78
985,267,0,130,77,20,0,28
986,413,0,10,133,229,12,23
987,204,2,20,129,32,12,6
988,3414,0,401,258,1394,391,949
989,1016,4,56,280,328,150,195
990,374,0,48,75,179,29,43
991,22091,0,9759,4853,2635,2133,2630
992,425,0,20,246,93,52,8
993,859,0,91,384,236,60,81
994,76,0,10,17,10,19,20
995,368,0,39,228,35,23,30
996,1064,0,145,578,207,58,76
997,377,0,27,250,14,79,7
998,1869,0,252,985,40,94,479
999,2139,0,179,973,514,58,405
1000,916,0,148,494,69,41,115
1001,381,1,64,256,12,18,24
1002,897,0,135,537,22,144,46
1003,3378,0,14,3042,15,14,290
1004,1653,3,278,1100,77,37,131
1005,282,0,65,155,2,31,6
1006,773,10,76,492,23,27,122
1007,342,0,31,280,9,0,9
1008,3757,0,298,2231,156,331,707
1009,518,0,79,285,20,19,113
1010,1070,0,166,808,11,46,33
1011,1813,0,154,908,69,82,594
1012,380,0,85,232,4,33,20
1013,545,0,71,148,108,53,162
1014,17725,16,3033,4226,6206,1597,2458
1015,1238,12,170,648,68,173,154
1016,2127,0,128,864,183,833,100
1017,642,0,148,391,26,20,54
1018,7758,0,1958,3032,423,1728,568
1019,21114,0,12263,8289,14,490,55
1020,882,0,67,766,0,2,32
1021,2740,0,631,1478,143,136,310
1022,387,0,88,115,85,32,67
1023,718,0,70,451,19,82,87
1024,571,0,129,315,25,36,60
1025,651,0,63,412,49,38,72
1026,335,0,25,185,16,4,92
1027,1713,0,401,780,66,46,411
1028,265,0,54,95,47,47,13
1029,232,0,71,76,5,34,27
1030,127,0,30,68,2,12,12
1031,465,0,140,144,31,95,36
1032,182,0,15,76,12,43,33
1033,1445,0,287,761,55,52,286
1034,874,0,223,368,26,4,230
1035,516,0,107,361,8,16,24
1036,796,3,162,361,85,81,72
1037,616,0,52,444,12,53,52
1038,965,0,20,220,32,495,195
1039,1061,0,127,414,74,87,356
1040,355,0,18,238,6,29,64
1041,1640,0,145,748,31,90,617
1042,262,0,81,149,5,12,15
1043,293,0,62,142,30,32,12
1044,249,0,119,80,3,23,18
1045,241,2,21,144,12,45,5
1046,105,0,15,62,7,14,7
1047,1066,0,99,379,11,457,110
1048,335,0,74,205,8,15,33
1049,1323,0,405,519,52,101,241
1050,2030,1,293,570,260,427,459
1051,1844,0,207,738,103,165,631
1052,58,0,34,5,10,5,4
1053,396,0,26,274,7,8,73
1054,349,0,64,189,16,17,63
1055,730,0,89,375,107,68,89
1056,2194,0,94,315,17,1674,91
1057,5262,0,6,128,3061,4,2063
1058,2510,0,429,1084,41,602,348
1059,5877,7,556,457,2213,1222,1341
1060,1499,10,110,657,371,103,232
1061,1222,4,142,421,207,302,146
1062,4486,62,919,875,1772,422,223
1063,1184,0,121,565,23,439,33
1064,275,0,8,194,23,7,43
1065,668,0,27,520,28,13,60
1066,4114,0,239,3042,41,274,518
1067,704,0,29,469,62,57,84
1068,1120,2,67,176,447,305,104
1069,7046,0,1435,1821,1446,829,1515
1070,316,0,54,212,17,8,25
1071,225,0,33,127,17,8,34
1072,832,0,36,515,13,144,118
1073,504,0,74,307,15,80,28
1074,3319,0,299,1415,72,60,1463
1075,732,0,220,295,24,31,146
1076,189,0,22,142,1,11,10
1077,561,0,67,380,26,30,58
1078,1091,0,305,256,164,258,90
1079,975,0,184,485,35,72,193
1080,603,0,29,381,12,11,167
1081,69,0,29,13,6,18,0
1082,1082,2,146,469,224,85,156
1083,4347,0,556,1060,1877,702,144
1084,608,0,88,395,22,41,55
1085,494,0,52,189,10,15,228
1086,1396,0,164,562,57,414,193
1087,363,15,82,114,94,31,13
1088,270,40,11,78,63,73,2
1089,1520,500,134,506,142,94,144
1090,1388,0,70,380,677,219,33
1091,4565,0,238,3923,125,97,182
1092,3020,0,641,515,109,1629,120
1093,1875,0,129,292,131,1309,11
1094,1863,50,340,217,98,1111,41
1095,4007,704,704,201,1130,1024,241
1096,6174,3,1447,884,1111,2016,669
1097,10638,0,1322,1857,3595,2920,790
1098,293,0,47,126,9,93,5
1099,927,0,236,429,53,131,65
1100,1875,0,349,677,65,270,499
1101,300,0,60,178,30,17,9
1102,91,24,10,37,2,13,5
1103,641,15,128,324,21,74,76
1104,298,0,25,220,6,27,11
1105,36,0,10,12,4,10,0
1106,1786,0,197,884,18,120,561
1107,584,0,48,426,15,61,29
1108,1145,0,112,575,17,35,403
1109,1246,0,50,1054,3,76,47
1110,2063,0,327,1015,133,227,351
1111,1237,0,286,442,52,416,38
1112,2845,0,77,2631,37,38,56
1113,7957,9,2223,2249,1037,914,1439
1114,329,0,73,127,35,14,74
1115,327,0,51,145,17,30,84
1116,733,0,126,462,26,67,45
1117,478,0,133,53,2,47,237
1118,3682,5,486,886,836,647,804
1119,1253,0,231,690,19,164,137
1120,1345,1,171,552,80,149,387
1121,14390,1,8482,2871,470,857,1644
1122,16593,18,2767,5051,2398,1910,4380
1123,2907,0,338,834,437,240,1050
1124,6138,0,91,3871,36,1980,157
1125,395,0,46,151,7,61,127
1126,571,0,133,323,39,45,26
1127,2236,0,409,1321,121,154,161
1128,1280,0,287,789,57,59,79
1129,2644,0,157,1048,38,1260,135
1130,291,0,38,175,7,35,26
1131,459,9,139,199,27,58,21
1132,604,2,68,475,7,14,28
1133,1359,2,395,396,95,314,137
1134,2467,0,350,1057,268,301,477
1135,876,0,131,615,16,65,42
1136,2008,0,670,930,197,189,4
1137,7004,55,1958,2847,147,630,1332
1138,1264,0,359,614,43,125,119
1139,225,0,35,142,13,13,19
1140,1158,5,190,682,42,132,98
1141,4488,0,88,4268,32,36,51
1142,343,4,74,123,17,97,16
1143,1525,0,195,1215,23,48,33
1144,3061,3,1274,804,176,588,187
1145,18989,0,8640,4755,1286,1924,2323
1146,9838,9,1738,3904,289,239,3612
1147,1467,0,272,986,13,103,71
1148,1226,0,471,412,42,78,199
1149,1239,0,337,441,83,270,87
1150,4418,0,840,2139,222,262,931
1151,428,1,63,278,12,53,6
1152,4058,0,1210,1533,241,308,727
1153,1228,3,479,447,55,156,69
1154,2325,0,744,836,95,321,313
1155,153,0,38,74,17,20,0
1156,793,0,338,315,15,25,93
1157,1256,0,280,641,35,116,175
1158,1599,2,478,590,93,209,200
1159,1509,3,59,1273,22,86,59
1160,606,8,187,223,31,63,89
1161,9184,15,2986,3105,1164,782,1051
1162,809,2,125,328,41,62,245
1163,158,0,54,60,20,10,3
1164,823,10,109,461,23,123,79
1165,757,1,234,383,32,76,17
1166,2405,3,567,720,353,464,210
1167,1201,0,187,434,303,239,34
1168,15384,53,6035,4412,1853,1275,1669
1169,3060,0,1317,825,66,54,767
1170,6133,0,1628,2588,499,534,853
1171,1163,0,208,570,43,91,239
1172,405,0,40,196,14,39,111
1173,437,0,42,318,11,40,17
1174,572,0,39,443,40,39,11
1175,21440,0,5550,958,14111,415,385
1176,4652,30,899,2290,194,371,755
1177,4353,831,599,1658,278,639,325
1178,9154,13,1230,4807,245,591,2219
1179,7172,42,1205,2688,605,1800,797
1180,1261,0,262,434,121,339,100
1181,424,0,59,196,41,89,36
1182,1560,50,269,540,217,240,223
1183,1201,0,89,325,432,190,157
1184,405,0,63,293,4,25,17
1185,3248,0,525,1643,47,237,790
1186,3082,0,344,2003,35,196,483
1187,1917,0,357,902,149,138,361
1188,1667,10,180,750,313,227,184
1189,6065,0,700,2166,497,1144,1552
1190,287,0,42,180,2,21,42
1191,1077,0,310,296,86,268,108
1192,154,2,20,93,11,16,12
1193,791,0,181,387,8,29,173
1194,645,0,112,238,19,46,230
1195,1509,13,125,915,109,156,181
1196,298,0,71,168,13,29,17
1197,2269,0,81,726,19,783,657
1198,2116,0,96,1054,53,507,406
1199,2924,15,338,1233,507,310,484
1200,943,1,142,379,47,76,282
1201,642,0,99,264,69,175,32
1202,501,0,115,166,0,17,203
1203,2132,0,28,356,152,1585,11
1204,1418,0,50,400,463,62,328
1205,2310,0,180,290,1148,167,511
1206,1276,4,75,392,364,389,49
1207,183,3,19,76,60,13,12
1208,631,2,48,283,173,28,84
1209,274,2,32,45,159,4,32
1210,413,0,48,237,15,78,35
1211,8446,0,1185,902,3275,1995,1044
1212,1821,0,475,861,129,227,128
1213,813,0,105,450,3,150,105
1214,1238,0,196,170,572,201,87
1215,817,0,87,419,14,30,267
1216,261,0,42,161,11,13,34
1217,1359,0,242,115,565,272,154
1218,116,0,32,36,11,27,7
1219,801,0,25,124,0,645,6
1220,595,3,200,210,29,44,105
1221,378,0,38,273,9,49,9
1222,173,0,50,101,2,11,9
1223,1458,0,146,182,379,500,251
1224,1668,0,264,561,268,470,98
1225,1857,1,363,396,82,918,86
1226,480,0,50,167,54,13,193
1227,228,0,13,110,35,10,60
1228,223,0,15,147,0,33,3
1229,1266,0,270,589,46,105,240
1230,658,0,91,483,6,16,53
1231,737,0,130,491,3,50,63
1232,1077,0,153,414,26,396,85
1233,422,0,154,211,2,16,33
1234,1534,0,214,872,118,83,241
1235,666,0,77,357,71,94,61
1236,311,0,30,205,7,15,54
1237,84,0,7,62,6,6,0
1238,2516,450,192,1120,488,240,7
1239,137,0,121,9,3,2,2
1240,615,2,28,199,33,196,151
1241,2869,0,278,1331,161,73,1017
1242,3673,0,133,3419,23,32,60
1243,3365,0,340,2933,29,33,21
1244,477,0,19,426,12,12,8
1245,256,0,16,76,10,136,15
1246,3756,2,265,1407,85,58,1924
1247,2589,3,375,544,796,320,537
1248,3692,90,1181,1388,291,250,467
1249,4597,5,625,1521,1392,287,742
1250,7157,0,1251,887,1862,1585,1563
1251,1590,3,300,687,312,200,83
1252,5372,0,280,1076,105,3819,77
1253,87,0,11,31,4,32,9
1254,198,0,30,147,5,6,10
1255,781,2,109,407,97,98,55
1256,903,0,83,285,229,238,55
1257,330,0,71,216,14,23,3
1258,366,0,13,315,1,11,23
1259,2564,7,777,1015,128,386,226
1260,320,0,85,157,19,16,43
1261,837,0,127,458,24,19,206
1262,3750,0,623,1077,74,1852,114
1263,2284,0,176,871,170,991,64
1264,1237,0,246,662,44,19,265
1265,6006,0,144,3966,17,120,1756
1266,924,0,292,450,34,65,73
1267,1132,0,118,554,14,128,305
1268,1538,27,469,770,13,73,183
1269,2580,0,239,1448,56,114,723
1270,2177,0,439,555,650,389,118
1271,692,1,117,400,9,31,130
1272,1437,0,0,19,0,1418,0
1273,986,0,130,559,44,46,201
1274,2158,4,211,846,346,187,550
1275,771,4,170,259,46,104,176
1276,271,0,22,136,0,24,89
1277,219,0,35,86,10,30,58
1278,245,0,28,171,4,19,18
1279,17817,16,687,11050,3231,1764,1025
1280,6470,0,420,2794,167,270,2813
1281,2374,1,367,992,149,239,617
1282,2274,3,297,911,179,357,505
1283,1837,0,314,1019,77,344,77
1284,5294,4,1251,1994,161,1410,468
1285,579,0,174,207,120,38,31
1286,619,89,152,59,80,182,49
1287,1665,303,171,143,829,89,124
1288,1844,2,270,967,112,202,282
1289,3712,14,399,949,1175,549,595
1290,2917,394,230,965,366,589,342
1291,2430,70,139,1252,148,321,500
1292,8902,32,1711,1871,2935,1550,742
1293,853,41,59,423,106,146,72
1294,2323,14,378,1035,622,218,53
1295,2964,1,202,999,414,276,1034
1296,732,100,83,302,64,101,82
1297,2620,2,435,1580,99,193,308
1298,4837,2,960,1791,478,613,973
1299,5085,22,1124,1231,305,1849,499
1300,714,3,144,256,218,57,33
1301,3573,0,394,1034,179,1721,230
1302,1812,1,44,411,613,122,617
1303,218,0,78,32,13,48,38
1304,818,0,150,503,31,58,74
1305,2793,0,552,1164,362,269,444
1306,7025,75,1151,3093,630,931,1122
1307,1750,18,305,941,388,44,38
1308,1157,113,91,220,569,122,17
1309,1731,98,154,542,774,78,75
1310,4180,26,154,3299,312,213,163
1311,3148,606,223,1030,990,182,88
1312,530,53,56,70,57,271,22
1313,4920,152,83,3295,940,249,163
1314,6723,246,939,2151,2251,429,685
1315,5011,329,90,333,3709,327,211
1316,1262,29,67,272,761,121,5
1317,2501,29,213,1425,204,266,349
1318,2966,146,519,975,651,458,167
1319,1852,9,127,1337,87,123,155
1320,3685,15,719,1637,391,175,714
1321,596,0,95,281,40,105,64
1322,2740,62,146,2309,101,85,30
1323,6092,26,1283,2491,449,937,867
1324,3172,196,416,184,1395,555,409
1325,7639,434,2072,1139,2908,426,625
1326,407,2,47,211,31,63,36
1327,1869,14,44,1039,9,742,15
1328,2214,77,62,348,144,1513,57
1329,4009,35,438,530,1661,618,687
1330,554,0,55,257,69,131,42
1331,2686,2,278,756,509,161,939
1332,6807,6,1744,2342,548,918,1195
1333,157,2,25,88,8,15,19
1334,379,0,46,275,0,34,11
1335,2253,0,229,963,102,184,769
1336,7568,20,1087,2584,1753,1197,885
1337,8075,31,988,2024,2121,1513,1364
1338,960,17,147,357,38,253,133
1339,587,3,103,201,37,51,189
1340,844,3,62,314,171,95,184
1341,281,9,37,171,26,22,16
1342,546,0,41,386,5,70,37
1343,342,2,59,214,4,29,34
1344,2401,0,468,745,112,634,439
1345,599,2,135,179,44,197,33
1346,2212,7,696,763,262,262,190
1347,1011,0,188,610,25,60,112
1348,6726,0,409,1347,904,608,3438
1349,1677,1,281,824,213,160,188
1350,1693,3,443,649,57,336,198
1351,444,0,67,328,3,12,28
1352,234,0,47,106,33,30,18
1353,1058,3,152,275,244,327,49
1354,1171,45,118,501,106,195,186
1355,368,0,35,296,4,23,9
1356,1437,1,251,692,46,82,354
1357,806,3,194,365,34,105,96
1358,2158,0,294,1415,58,92,248
1359,5108,0,156,4312,41,84,512
1360,953,0,134,562,31,120,102
1361,9840,7,2904,2392,484,2481,1530
1362,1886,0,827,651,101,100,190
1363,5549,60,667,1441,47,3120,205
1364,737,0,85,427,19,95,105
1365,1636,3,167,1174,29,50,207
1366,7218,0,2289,3710,575,379,253
1367,1045,0,190,456,66,169,152
1368,12096,72,1930,3116,3506,2223,1199
1369,8361,18,679,2073,1031,3740,806
1370,1515,20,157,545,375,210,188
1371,387,2,37,201,45,26,73
1372,299,0,35,200,33,15,16
1373,4439,3,696,1456,508,395,1380
1374,5440,19,1701,1455,865,596,739
1375,2626,20,402,647,400,805,335
1376,3299,0,683,1507,346,260,489
1377,704,3,137,296,53,78,131
1378,1720,0,193,698,346,118,362
1379,196,0,8,134,2,13,33
1380,8366,7,458,1181,1802,1966,2923
1381,5685,23,892,1173,1749,1129,706
1382,1658,87,301,666,394,129,74
1383,1414,149,96,281,486,267,121
1384,4387,51,897,1550,428,553,866
1385,733,7,197,173,90,197,50
1386,2252,7,243,1340,139,187,323
1387,539,14,86,200,85,107,44
1388,536,31,73,225,61,101,26
1389,2237,40,143,1603,82,197,157
1390,525,38,50,291,32,46,59
1391,1968,2,126,564,853,199,221
1392,1474,130,120,311,679,135,91
1393,795,42,67,255,175,137,116
1394,1534,240,116,656,323,165,22
1395,4384,43,827,1102,792,773,819
1396,1652,31,292,767,169,125,251
1397,1420,148,127,366,437,176,163
1398,964,4,154,443,111,132,102
1399,5937,13,814,2216,939,731,1205
1400,1071,49,52,205,576,81,96
1401,2324,451,67,386,1270,59,51
1402,2490,118,256,876,612,245,379
1403,1424,36,326,596,110,235,102
1404,368,2,87,138,72,43,18
1405,3567,0,345,1597,57,412,1142
1406,2033,2,594,257,267,733,154
1407,4193,2,1867,734,515,749,279
1408,1140,2,178,488,25,389,52
1409,1917,0,670,814,102,84,244
1410,1417,0,335,463,40,288,270
1411,2217,0,717,1033,178,134,146
1412,4784,10,1088,1543,345,979,782
1413,3279,0,2439,524,81,39,196
1414,726,5,96,353,92,90,75
1415,2858,37,274,819,187,1156,360
1416,691,48,54,245,59,191,68
1417,196,0,7,172,4,9,4
1418,640,3,102,382,29,75,36
1419,476,0,66,305,8,41,45
1420,1304,3,312,793,41,79,56
1421,4410,5,547,2450,48,227,1081
1422,2132,0,466,1068,127,283,152
1423,890,0,218,365,65,184,39
1424,5573,11,1557,2082,554,798,526
1425,4914,0,589,1326,46,2447,278
1426,729,2,176,325,97,56,50
1427,5251,2,1500,1840,314,720,835
1428,9217,26,1354,1910,1766,1905,2207
1429,4265,0,739,785,695,528,1509
1430,7661,6,1939,3117,477,1308,740
1431,1362,0,383,602,32,187,124
1432,2470,4,461,1010,218,300,461
1433,354,0,111,167,14,47,12
1434,1271,0,278,415,82,173,304
1435,610,2,111,287,19,142,40
1436,2685,3,196,2261,65,80,68
1437,4341,1,876,2889,53,147,355
1438,5922,6,1432,1435,486,230,2261
1439,0,0,0,0,0,0,0
1440,2247,0,332,1189,89,229,393
1441,4819,1,593,1953,386,547,1284
1442,2359,3,504,686,298,314,514
1443,2794,3,528,1525,167,160,368
1444,1811,0,541,811,40,71,341
1445,1070,1,536,279,68,125,51
1446,2452,7,892,1042,95,237,128
1447,540,0,123,133,29,121,121
1448,7079,13,2163,1918,1041,985,852
1449,541,0,48,245,2,47,196
1450,945,0,216,456,33,76,134
1451,1352,2,145,1052,40,54,46
1452,2037,0,495,720,56,354,375
1453,584,30,7,397,8,114,26
1454,706,6,115,323,69,90,94
